team_code,team,global_rank,elo_rating,rank_max,rating_max,rank_avg,rating_avg,rank_min,rating_min,rank_chg_3m,rating_chg_3m,rank_chg_6m,rating_chg_6m,rank_chg_1y,rating_chg_1y,rank_chg_2y,rating_chg_2y,rank_chg_5y,rating_chg_5y,rank_chg_10y,rating_chg_10y,total_matches,home_matches,away_matches,neutral_matches,total_wins,total_losses,total_draws,goals_for,goals_against,rank_change,rating_change
ES,Spain,1,2157.0,1,2189.0,7,1946.0,19,1805.0,0.0,,0.0,,0.0,0.0,3.0,136.0,4.0,124.0,4.0,166.0,782,341,302,139,462,138,182,1595,699,,
AR,Argentina,2,2115.0,1,2172.0,5,1987.0,26,1751.0,0.0,2.0,0.0,2.0,0.0,,,,5.0,131.0,,37.0,1111,381,419,311,612,228,271,2117,1136,,
FR,France,3,2063.0,1,2135.0,16,1795.0,40,1514.0,0.0,1.0,0.0,1.0,0.0,8.0,,,0.0,,4.0,82.0,940,475,341,124,475,270,195,1710,1275,,
EN,England,4,2024.0,1,2213.0,4,1983.0,17,1810.0,0.0,,0.0,,2.0,40.0,5.0,44.0,4.0,43.0,4.0,54.0,1162,509,524,129,685,215,262,2723,1118,,
BR,Brazil,5,1991.0,1,2195.0,4,1998.0,20,1805.0,1.0,13.0,1.0,13.0,0.0,,,,,,,,1067,373,346,348,672,172,223,2302,957,,
PT,Portugal,6,1989.0,2,2060.0,19,1797.0,41,1624.0,1.0,13.0,1.0,13.0,,,0.0,,,,6.0,80.0,696,322,262,112,348,189,159,1226,781,,
CO,Colombia,7,1982.0,3,2069.0,48,1621.0,102,1304.0,,,,,1.0,32.0,,,6.0,54.0,,,650,185,229,236,267,205,178,847,742,,
NL,Netherlands,8,1948.0,1,2153.0,15,1848.0,55,1553.0,0.0,,0.0,,,,2.0,,2.0,,2.0,24.0,903,430,358,115,466,240,197,1894,1144,,
EC,Ecuador,9,1938.0,9,1938.0,64,1525.0,121,1183.0,0.0,5.0,0.0,5.0,2.0,33.0,5.0,70.0,15.0,145.0,5.0,63.0,600,183,211,206,185,254,161,724,904,,
DE,Germany,10,1932.0,1,2223.0,8,1911.0,25,1637.0,2.0,22.0,2.0,22.0,0.0,19.0,3.0,13.0,2.0,,,,1047,470,416,161,606,224,217,2358,1233,,
NO,Norway,11,1914.0,6,1944.0,38,1623.0,85,1364.0,0.0,,0.0,,3.0,48.0,26.0,180.0,26.0,176.0,40.0,279.0,888,426,409,53,335,355,198,1377,1445,,
HR,Croatia,12,1912.0,4,2015.0,12,1881.0,28,1780.0,,,,,,,,,6.0,87.0,6.0,94.0,400,158,167,75,210,84,106,696,404,,
TR,Turkey,13,1911.0,9,1911.0,43,1610.0,77,1358.0,2.0,30.0,2.0,30.0,9.0,75.0,18.0,162.0,8.0,111.0,4.0,83.0,670,290,300,80,264,250,156,950,970,,
JP,Japan,14,1906.0,9,1913.0,61,1467.0,114,1126.0,2.0,28.0,2.0,28.0,2.0,49.0,2.0,53.0,18.0,145.0,16.0,152.0,836,332,207,297,409,257,170,1518,985,,
BE,Belgium,15,1894.0,1,2157.0,24,1755.0,70,1503.0,6.0,44.0,4.0,44.0,2.0,47.0,,,,,,,878,416,376,86,392,302,184,1606,1359,,
UY,Uruguay,16,1892.0,1,2104.0,12,1876.0,44,1636.0,,2.0,,2.0,,,,,,,,10.0,1019,336,432,251,446,321,252,1610,1254,,
CH,Switzerland,17,1891.0,9,1933.0,27,1689.0,56,1485.0,,,,,1.0,46.0,4.0,87.0,,2.0,5.0,121.0,896,426,391,79,319,373,204,1338,1484,,
MX,Mexico,18,1875.0,4,1985.0,20,1783.0,48,1498.0,2.0,19.0,2.0,41.0,6.0,62.0,5.0,84.0,,,,,1029,297,273,459,535,257,237,1829,1054,,
DK,Denmark,19,1869.0,1,2074.0,20,1799.0,59,1541.0,,4.0,,4.0,,4.0,,35.0,,,15.0,125.0,905,414,396,95,420,298,187,1652,1221,,
IT,Italy,19,1869.0,1,2134.0,8,1915.0,23,1607.0,0.0,10.0,,10.0,,,,,,,,,903,407,325,171,481,177,245,1581,894,,
SN,Senegal,21,1860.0,17,1879.0,56,1591.0,107,1386.0,,,3.0,56.0,8.0,75.0,9.0,93.0,18.0,130.0,23.0,186.0,706,221,260,225,319,193,194,969,672,,
PY,Paraguay,22,1834.0,5,1956.0,23,1755.0,51,1619.0,0.0,1.0,,1.0,1.0,9.0,19.0,124.0,6.0,63.0,14.0,93.0,789,215,365,209,277,303,209,1006,1115,,
AT,Austria,23,1830.0,1,2070.0,20,1810.0,73,1549.0,0.0,12.0,0.0,12.0,,,,,10.0,84.0,,53.0,866,432,383,51,371,310,185,1561,1321,,
MA,Morocco,24,1827.0,11,1923.0,43,1657.0,86,1510.0,0.0,21.0,,1.0,1.0,15.0,3.0,57.0,18.0,150.0,39.0,252.0,730,319,219,192,365,165,200,1108,615,,
CA,Canada,25,1788.0,21,1841.0,49,1599.0,90,1471.0,0.0,,0.0,,4.0,3.0,14.0,68.0,28.0,161.0,53.0,267.0,490,154,200,136,190,185,115,629,624,,
SQ,Scotland,26,1782.0,1,2104.0,14,1879.0,63,1598.0,1.0,,1.0,,14.0,65.0,3.0,13.0,15.0,104.0,13.0,72.0,869,403,413,53,413,268,188,1503,1076,,
UA,Ukraine,27,1780.0,14,1873.0,31,1745.0,66,1561.0,,,,,0.0,,,,,,,,340,134,146,60,154,91,95,478,358,,
AU,Australia,28,1777.0,11,1875.0,35,1672.0,77,1475.0,2.0,4.0,2.0,4.0,3.0,2.0,,7.0,10.0,46.0,12.0,70.0,637,271,223,143,326,180,131,1290,716,,
DZ,Algeria,29,1772.0,18,1807.0,48,1621.0,110,1386.0,11.0,44.0,7.0,36.0,14.0,68.0,22.0,131.0,5.0,27.0,17.0,116.0,690,261,234,195,311,196,183,1057,703,,
IR,Iran,29,1772.0,13,1853.0,40,1658.0,79,1450.0,4.0,17.0,4.0,17.0,,,,,,,5.0,28.0,670,223,195,252,384,132,154,1275,525,,
RU,Russia,29,1772.0,1,2083.0,24,1742.0,50,1449.0,0.0,,0.0,,,,,,5.0,27.0,,13.0,815,313,383,119,432,174,209,1482,779,,
NG,Nigeria,32,1767.0,16,1826.0,38,1668.0,74,1500.0,3.0,28.0,26.0,140.0,35.0,191.0,32.0,181.0,11.0,97.0,20.0,142.0,717,241,264,212,332,180,205,1081,725,,
KR,South Korea,33,1758.0,16,1845.0,35,1687.0,84,1445.0,,,,,,,2.0,21.0,,,,,1052,353,255,444,573,221,258,1913,964,,
GR,Greece,34,1744.0,7,1931.0,49,1559.0,91,1273.0,,,,,,,2.0,8.0,10.0,84.0,21.0,129.0,658,299,296,63,251,250,157,835,909,,
CZ,Czechia,35,1740.0,1,2032.0,13,1855.0,46,1669.0,3.0,9.0,4.0,9.0,0.0,,,,,,,,884,361,416,107,426,261,197,1629,1099,,
RS,Serbia,36,1734.0,2,2017.0,20,1787.0,46,1515.0,,,,,,,,,,,1.0,9.0,862,302,424,136,403,267,192,1618,1181,,
VE,Venezuela,37,1733.0,18,1829.0,84,1432.0,122,1218.0,5.0,18.0,4.0,18.0,,,,,,,6.0,58.0,483,179,179,125,130,246,107,524,874,,
PA,Panama,38,1730.0,27,1773.0,99,1362.0,143,1154.0,,,,,0.0,1.0,3.0,20.0,35.0,184.0,4.0,45.0,594,201,228,165,197,252,145,743,915,,
US,United States,39,1726.0,9,1890.0,41,1642.0,93,1410.0,,,,,6.0,32.0,,,,,,,827,489,253,85,367,287,173,1250,1077,,
CL,Chile,40,1717.0,2,2040.0,28,1678.0,59,1384.0,,,,,6.0,28.0,0.0,4.0,,,,,854,328,308,218,319,347,188,1197,1219,,
KO,Kosovo,41,1715.0,37,1738.0,102,1420.0,119,1363.0,3.0,1.0,2.0,1.0,18.0,106.0,41.0,210.0,45.0,240.0,69.0,316.0,109,49,40,20,43,43,23,156,147,,
UZ,Uzbekistan,42,1714.0,25,1766.0,59,1596.0,93,1428.0,,,,,0.0,7.0,5.0,45.0,24.0,144.0,6.0,64.0,367,130,129,108,180,112,75,636,402,,
SE,Sweden,43,1712.0,2,2013.0,17,1795.0,54,1579.0,9.0,52.0,9.0,52.0,,,1.0,38.0,,,,,1120,490,500,130,549,336,235,2229,1487,,
HU,Hungary,44,1710.0,1,2234.0,20,1835.0,74,1529.0,2.0,12.0,0.0,12.0,0.0,9.0,,,,,,14.0,1035,469,492,74,489,324,222,2074,1527,,
PL,Poland,44,1710.0,2,2084.0,30,1712.0,63,1521.0,,,,,3.0,28.0,,,,,,,921,397,410,114,400,296,225,1564,1243,,
PE,Peru,46,1700.0,10,1916.0,34,1679.0,76,1485.0,,,,2.0,,,,,,,,,710,266,253,191,229,305,176,860,991,,
IE,Ireland,47,1699.0,4,1918.0,24,1626.0,64,1237.0,2.0,11.0,0.0,11.0,7.0,66.0,11.0,78.0,8.0,76.0,,,743,378,305,60,262,287,194,979,1161,,
EG,Egypt,48,1696.0,12,1872.0,37,1662.0,70,1527.0,5.0,37.0,18.0,106.0,1.0,30.0,6.0,63.0,14.0,98.0,2.0,57.0,885,354,281,250,447,217,221,1546,923,,
CI,Ivory Coast,49,1695.0,15,1863.0,45,1640.0,76,1476.0,9.0,58.0,12.0,88.0,16.0,108.0,4.0,60.0,,54.0,,,693,241,238,214,349,166,178,1132,696,,
WA,Wales,50,1682.0,3,1909.0,22,1671.0,85,1403.0,,,,,,,,,,,,28.0,735,346,357,32,236,332,167,919,1176,,
SI,Slovenia,50,1682.0,26,1777.0,54,1625.0,77,1518.0,,,,,,,,,6.0,65.0,6.0,69.0,321,145,146,30,116,118,87,401,381,,
JO,Jordan,52,1680.0,40,1701.0,111,1324.0,153,1095.0,,,,11.0,5.0,56.0,10.0,71.0,33.0,204.0,23.0,145.0,585,201,193,191,207,220,158,730,717,,
SK,Slovakia,53,1667.0,17,1775.0,40,1682.0,67,1567.0,,,,,,2.0,,,,11.0,,,368,158,166,44,150,131,87,521,460,,
GE,Georgia,54,1654.0,31,1755.0,70,1553.0,104,1434.0,1.0,4.0,,4.0,,,,,21.0,127.0,33.0,169.0,321,141,148,32,107,146,68,415,444,,
CD,DR Congo,55,1652.0,20,1782.0,62,1557.0,114,1387.0,2.0,13.0,4.0,36.0,11.0,69.0,15.0,99.0,32.0,178.0,10.0,83.0,549,166,225,158,226,172,151,836,643,,
IL,Israel,56,1647.0,23,1776.0,49,1621.0,83,1428.0,4.0,16.0,1.0,16.0,,18.0,12.0,93.0,2.0,41.0,10.0,79.0,524,249,213,62,197,207,120,804,764,,
RO,Romania,57,1639.0,5,1945.0,29,1717.0,65,1501.0,,,,,,,,,,10.0,,,802,333,377,92,355,247,200,1306,1020,,
TN,Tunisia,58,1628.0,24,1757.0,47,1616.0,87,1438.0,3.0,14.0,,,0.0,15.0,,,,,15.0,77.0,777,337,253,187,330,231,216,1105,845,,
BO,Bolivia,59,1621.0,21,1798.0,60,1509.0,93,1244.0,,,,,,,4.0,22.0,,,3.0,43.0,538,189,205,144,122,295,121,551,1060,,
AL,Albania,60,1616.0,38,1675.0,72,1504.0,116,1363.0,,,,,,,,,10.0,60.0,,0.0,410,192,185,33,116,209,85,396,604,,
CM,Cameroon,61,1614.0,14,1850.0,53,1605.0,80,1442.0,1.0,8.0,12.0,55.0,1.0,21.0,4.0,32.0,7.0,49.0,,1.0,661,184,247,230,287,172,202,952,712,,
CR,Costa Rica,62,1608.0,9,1866.0,36,1690.0,76,1479.0,,,,,,,,,,,,,791,259,282,250,356,244,191,1369,922,,
IQ,Iraq,63,1607.0,23,1740.0,47,1622.0,96,1456.0,5.0,25.0,0.0,9.0,9.0,57.0,,,,,19.0,103.0,762,139,232,391,360,190,212,1204,710,,
EI,Northern Ireland,64,1605.0,13,1853.0,40,1655.0,110,1397.0,,3.0,,3.0,5.0,44.0,13.0,91.0,3.0,39.0,,,612,276,298,38,172,290,150,645,928,,
BA,Bosnia and Herzegovina,65,1595.0,20,1806.0,53,1626.0,90,1469.0,4.0,23.0,3.0,23.0,11.0,72.0,25.0,119.0,,,,,281,118,136,27,104,111,66,394,386,,
NM,North Macedonia,66,1589.0,40,1667.0,74,1534.0,110,1402.0,,,,,,,8.0,43.0,,,36.0,158.0,305,141,134,30,95,131,79,364,411,,
ML,Mali,67,1588.0,42,1650.0,70,1523.0,129,1302.0,,,,,,,,,5.0,40.0,4.0,31.0,625,195,234,196,249,206,170,824,718,,
CV,Cape Verde,68,1578.0,65,1579.0,120,1302.0,146,1172.0,4.0,17.0,4.0,17.0,9.0,60.0,3.0,26.0,27.0,140.0,16.0,76.0,253,80,91,82,96,97,60,273,278,,
SA,Saudi Arabia,69,1576.0,29,1736.0,76,1499.0,125,1253.0,,,,,,,,,,,7.0,49.0,839,324,151,364,396,247,196,1283,896,,
HN,Honduras,70,1570.0,23,1789.0,63,1500.0,110,1330.0,0.0,3.0,0.0,3.0,,8.0,8.0,58.0,,,7.0,45.0,668,212,217,239,263,232,173,964,859,,
IS,Iceland,71,1568.0,18,1841.0,81,1425.0,127,1258.0,0.0,6.0,0.0,2.0,1.0,18.0,,7.0,,,,,527,216,251,60,160,263,104,635,885,,
NZ,New Zealand,72,1562.0,29,1642.0,66,1500.0,102,1334.0,,,,,,,4.0,37.0,10.0,77.0,,2.0,441,135,189,117,181,181,79,767,650,,
HT,Haiti,73,1548.0,36,1673.0,81,1418.0,129,1265.0,1.0,6.0,2.0,6.0,9.0,50.0,10.0,47.0,,,14.0,63.0,563,181,196,186,247,198,118,962,761,,
AO,Angola,74,1542.0,52,1629.0,86,1456.0,161,1213.0,,,,,0.0,,5.0,31.0,39.0,174.0,45.0,194.0,475,166,184,125,176,140,159,579,490,,
AE,United Arab Emirates,75,1540.0,37,1692.0,98,1395.0,163,981.0,1.0,0.0,1.0,2.0,0.0,3.0,4.0,29.0,12.0,66.0,,,674,287,141,246,263,238,173,933,831,,
FI,Finland,76,1536.0,14,1757.0,62,1500.0,120,1246.0,4.0,27.0,4.0,27.0,,,,,,,,,825,337,430,58,217,441,167,972,1699,,
BF,Burkina Faso,77,1529.0,56,1617.0,98,1402.0,137,1265.0,0.0,,,,3.0,27.0,9.0,46.0,,,19.0,69.0,493,154,188,151,170,192,131,614,677,,
JM,Jamaica,78,1527.0,38,1700.0,83,1413.0,133,1221.0,,,0.0,,,,,,,,,,719,272,268,179,280,272,167,961,942,,
BY,Belarus,79,1522.0,44,1666.0,80,1505.0,120,1349.0,3.0,26.0,3.0,26.0,4.0,30.0,14.0,76.0,1.0,31.0,,,308,105,158,45,91,137,80,348,445,,
ZA,South Africa,80,1517.0,7,1847.0,32,1707.0,99,1448.0,,,,,,,,,2.0,32.0,,,526,276,161,89,231,141,154,720,543,,
GH,Ghana,81,1510.0,10,1877.0,42,1650.0,101,1424.0,,1.0,,1.0,5.0,33.0,,,,,,,779,247,298,234,370,213,196,1248,823,,
GT,Guatemala,82,1504.0,30,1642.0,68,1486.0,108,1382.0,,,,,2.0,23.0,3.0,18.0,,0.0,4.0,14.0,628,205,180,243,225,237,166,878,858,,
OM,Oman,83,1480.0,53,1634.0,127,1211.0,181,782.0,0.0,,0.0,,,,,,,,8.0,9.0,594,230,145,219,223,219,152,757,784,,
SY,Syria,84,1479.0,53,1618.0,86,1428.0,124,1253.0,0.0,,,,9.0,36.0,15.0,56.0,0.0,0.0,,,598,125,224,249,223,227,148,859,760,,
PS,Palestine,85,1465.0,66,1483.0,121,1255.0,159,1155.0,1.0,,1.0,,2.0,5.0,16.0,52.0,16.0,51.0,31.0,113.0,292,19,113,160,84,128,80,370,446,,
GN,Guinea,86,1463.0,21,1771.0,72,1516.0,128,1302.0,,,,,5.0,12.0,1.0,,10.0,31.0,,,646,172,263,211,251,211,184,953,804,,
ME,Montenegro,87,1461.0,34,1720.0,60,1597.0,94,1440.0,2.0,17.0,3.0,17.0,,,,,,,,,174,91,78,5,58,73,43,205,239,,
BG,Bulgaria,88,1458.0,7,1911.0,41,1633.0,98,1312.0,0.0,5.0,1.0,5.0,2.0,6.0,,,,,,,781,299,400,82,286,300,195,1094,1152,,
LU,Luxembourg,89,1450.0,24,1520.0,108,1256.0,191,979.0,14.0,55.0,16.0,55.0,0.0,,,,17.0,64.0,59.0,211.0,475,258,201,16,55,358,62,309,1225,,
NS,Northern Cyprus,90,1442.0,64,1486.0,87,1450.0,105,1426.0,0.0,0.0,1.0,0.0,4.0,0.0,5.0,0.0,4.0,0.0,10.0,1.0,16,5,3,8,8,6,2,28,22,,
CW,CuraÃ§ao,91,1434.0,26,1618.0,97,1381.0,188,1011.0,,,,,14.0,45.0,28.0,81.0,5.0,2.0,77.0,268.0,500,174,177,149,202,174,124,884,771,,
SR,Suriname,92,1431.0,26,1592.0,84,1404.0,170,1160.0,,,0.0,,6.0,21.0,40.0,113.0,33.0,94.0,70.0,222.0,543,231,222,90,239,175,129,986,740,,
KZ,Kazakhstan,93,1428.0,48,1622.0,100,1420.0,130,1307.0,4.0,18.0,8.0,18.0,8.0,26.0,,,31.0,81.0,14.0,9.0,272,103,123,46,70,143,59,285,454,,
CN,China,94,1424.0,17,1752.0,50,1577.0,112,1376.0,3.0,14.0,9.0,21.0,6.0,21.0,10.0,22.0,,,,,764,272,265,227,369,231,164,1422,862,,
KD,Kurdistan,94,1424.0,94,1424.0,100,1424.0,108,1403.0,0.0,0.0,4.0,0.0,2.0,0.0,3.0,0.0,6.0,0.0,10.0,0.0,4,2,0,2,3,0,1,12,3,,
QA,Qatar,96,1421.0,26,1771.0,93,1416.0,164,963.0,,,0.0,,,,,,,,,,699,328,147,224,289,233,177,993,826,,
LY,Libya,97,1420.0,43,1617.0,82,1469.0,128,1321.0,,,,,13.0,35.0,6.0,10.0,23.0,65.0,,,458,164,166,128,165,185,108,620,611,,
GM,Gambia,98,1419.0,88,1454.0,118,1309.0,144,1190.0,,,0.0,,10.0,33.0,20.0,61.0,10.0,41.0,42.0,138.0,299,108,100,91,81,136,82,319,433,,
BH,Bahrain,99,1414.0,51,1634.0,109,1349.0,155,1075.0,,,1.0,,,,,,,,4.0,,637,218,159,260,223,248,166,780,826,,
BJ,Benin,100,1405.0,57,1540.0,109,1356.0,168,1130.0,,,,,,,5.0,8.0,,,11.0,11.0,354,129,142,83,87,182,85,366,623,,
GA,Gabon,101,1401.0,59,1593.0,95,1413.0,126,1268.0,,,,,,,,,,,,,462,184,154,124,159,174,129,551,567,,
UG,Uganda,102,1394.0,29,1625.0,75,1482.0,130,1306.0,2.0,0.0,,,10.0,13.0,13.0,33.0,,,,,736,251,257,228,304,238,194,1108,887,,
TT,Trinidad and Tobago,103,1386.0,11,1661.0,61,1505.0,125,1313.0,,,0.0,,0.0,,,,15.0,27.0,,,872,344,365,163,375,304,193,1446,1130,,
FO,Faroe Islands,103,1386.0,61,1386.0,122,1252.0,169,1154.0,4.0,5.0,5.0,5.0,44.0,111.0,51.0,131.0,39.0,124.0,48.0,154.0,283,119,141,23,51,195,37,213,641,,
NE,Niger,105,1382.0,98,1409.0,133,1239.0,159,1082.0,,,,,20.0,45.0,51.0,144.0,43.0,147.0,38.0,119.0,292,100,117,75,65,158,69,287,517,,
MG,Madagascar,106,1380.0,68,1508.0,104,1366.0,167,1162.0,6.0,12.0,4.0,12.0,29.0,67.0,28.0,68.0,7.0,12.0,44.0,143.0,357,120,121,116,136,143,78,494,536,,
GQ,Equatorial Guinea,106,1380.0,61,1604.0,151,1159.0,189,1007.0,0.0,,,,,,,,15.0,28.0,15.0,41.0,196,80,64,52,56,96,44,182,288,,
TG,Togo,108,1379.0,48,1603.0,90,1439.0,144,1263.0,11.0,36.0,12.0,36.0,10.0,8.0,5.0,9.0,28.0,91.0,1.0,,495,179,198,118,158,210,127,539,675,,
TH,Thailand,109,1376.0,67,1547.0,112,1318.0,140,1125.0,3.0,8.0,1.0,8.0,13.0,25.0,,,21.0,57.0,,,935,389,200,346,366,358,211,1487,1408,,
KP,North Korea,110,1375.0,17,1801.0,63,1567.0,131,1315.0,,0.0,,0.0,6.0,0.0,,,,,,,417,50,149,218,175,127,115,641,447,,
KM,Comoros,111,1374.0,95,1434.0,186,941.0,206,830.0,,,2.0,14.0,,,35.0,91.0,39.0,140.0,80.0,407.0,159,29,35,95,41,81,37,145,246,,
AM,Armenia,112,1373.0,62,1588.0,102,1418.0,143,1243.0,,,,,,,,,,,,,283,115,132,36,66,158,59,283,539,,
ZW,Zimbabwe,113,1372.0,43,1574.0,78,1462.0,146,1278.0,7.0,30.0,3.0,20.0,,,30.0,88.0,,,,,552,190,223,139,207,184,161,738,663,,
ID,Indonesia,113,1372.0,39,1578.0,101,1361.0,179,1103.0,8.0,31.0,9.0,31.0,8.0,15.0,13.0,45.0,66.0,264.0,48.0,161.0,784,252,192,340,299,332,153,1317,1269,,
ZM,Zambia,115,1371.0,31,1709.0,60,1551.0,124,1344.0,,0.0,,6.0,,,,,,,,,879,282,360,237,393,261,225,1389,954,,
KE,Kenya,116,1363.0,53,1563.0,90,1379.0,140,1240.0,1.0,19.0,2.0,19.0,,,,,,,4.0,23.0,781,291,283,207,294,293,194,1078,1062,,
EE,Estonia,117,1360.0,32,1541.0,94,1353.0,174,1088.0,,1.0,,1.0,2.0,,,,,,,,541,231,255,55,134,287,120,533,962,,
VN,Vietnam,118,1351.0,62,1518.0,120,1298.0,177,1092.0,9.0,22.0,8.0,22.0,13.0,30.0,29.0,75.0,,,27.0,95.0,525,174,131,220,222,200,103,922,771,,
SD,Sudan,119,1350.0,23,1707.0,90,1444.0,155,1226.0,,0.0,,,,,,,,,15.0,61.0,553,154,204,195,187,225,141,628,730,,
RE,Reunion,120,1345.0,72,1395.0,125,1184.0,159,1047.0,,0.0,,0.0,4.0,0.0,2.0,0.0,,,,,139,53,38,48,55,55,29,237,252,,
SV,El Salvador,121,1342.0,32,1606.0,72,1471.0,130,1322.0,9.0,18.0,9.0,18.0,,,,,,,,,687,210,209,268,227,306,154,863,1023,,
MZ,Mozambique,121,1342.0,83,1495.0,116,1332.0,152,1210.0,,,,,,,,,18.0,71.0,,,444,166,177,101,139,194,111,466,585,,
SL,Sierra Leone,123,1341.0,65,1552.0,104,1368.0,158,1185.0,,,,,6.0,16.0,7.0,20.0,9.0,23.0,,,337,116,141,80,98,150,89,331,474,,
GP,Guadeloupe,124,1338.0,50,1530.0,91,1408.0,166,1179.0,0.0,0.0,0.0,0.0,,,3.0,12.0,33.0,130.0,17.0,60.0,293,92,89,112,128,114,51,507,410,,
RW,Rwanda,125,1336.0,96,1461.0,144,1206.0,176,1035.0,11.0,28.0,12.0,28.0,7.0,16.0,8.0,19.0,3.0,11.0,8.0,45.0,290,107,100,83,90,126,74,298,364,,
NI,Nicaragua,126,1333.0,65,1373.0,146,1031.0,197,900.0,2.0,5.0,1.0,5.0,3.0,8.0,,,25.0,104.0,18.0,72.0,253,63,100,90,54,167,32,258,621,,
KW,Kuwait,127,1332.0,27,1734.0,83,1468.0,143,1178.0,1.0,4.0,0.0,4.0,14.0,42.0,2.0,10.0,,,,,762,269,176,317,321,248,193,1198,880,,
MR,Mauritania,128,1329.0,98,1424.0,155,1115.0,181,911.0,6.0,18.0,7.0,18.0,,,,,,,7.0,41.0,300,91,103,106,56,173,71,217,527,,
AZ,Azerbaijan,129,1322.0,63,1551.0,107,1397.0,143,1257.0,,,,,,,,,,,,,324,116,152,56,67,176,81,265,545,,
ZN,Zanzibar,130,1320.0,102,1366.0,145,1119.0,168,936.0,1.0,0.0,1.0,0.0,2.0,0.0,1.0,0.0,,,7.0,35.0,217,37,45,135,39,131,47,186,458,,
CY,Cyprus,131,1314.0,63,1575.0,102,1377.0,141,1249.0,6.0,12.0,7.0,12.0,6.0,15.0,3.0,2.0,,,,,429,237,186,6,84,271,74,387,932,,
TZ,Tanzania,132,1313.0,65,1510.0,117,1295.0,169,1130.0,,,,,,,,,1.0,19.0,,,658,244,237,177,193,280,185,752,963,,
MQ,Martinique,133,1312.0,39,1565.0,79,1458.0,133,1312.0,,,,,,,,,,,,,371,136,125,110,167,116,88,676,488,,
LR,Liberia,134,1304.0,70,1518.0,112,1342.0,154,1218.0,4.0,4.0,5.0,4.0,15.0,41.0,17.0,39.0,,,,,342,146,144,52,91,175,76,318,521,,
NA,Namibia,135,1303.0,97,1428.0,136,1272.0,168,1117.0,,,0.0,,,,,,,,,,304,102,121,81,77,135,92,295,424,,
KG,Kyrgyzstan,136,1295.0,127,1332.0,155,1203.0,178,1095.0,,,,,,,14.0,29.0,12.0,60.0,24.0,83.0,192,49,74,69,55,105,32,208,337,,
MY,Malaysia,137,1293.0,58,1548.0,122,1290.0,185,1054.0,,,,,3.0,2.0,11.0,21.0,24.0,106.0,37.0,173.0,925,390,240,295,362,352,211,1512,1339,,
GY,Guyana,138,1292.0,15,1523.0,104,1293.0,182,1043.0,9.0,17.0,9.0,17.0,11.0,29.0,14.0,33.0,35.0,153.0,18.0,71.0,456,179,194,83,142,224,90,589,790,,
LB,Lebanon,139,1288.0,78,1472.0,108,1333.0,164,1166.0,,,,,,,1.0,0.0,,,,,421,140,144,137,123,186,112,507,621,,
LV,Latvia,139,1288.0,41,1575.0,87,1399.0,155,1217.0,4.0,2.0,5.0,2.0,,,,,,7.0,,,459,193,213,53,128,220,111,536,754,,
ET,Ethiopia,141,1287.0,39,1638.0,99,1394.0,153,1238.0,7.0,23.0,7.0,23.0,4.0,8.0,2.0,3.0,,,,,474,216,163,95,171,199,104,657,691,,
NC,New Caledonia,142,1286.0,50,1532.0,103,1357.0,176,1089.0,,,,,2.0,1.0,15.0,56.0,,20.0,,,285,87,71,127,141,110,34,739,419,,
TJ,Tajikistan,143,1285.0,75,1504.0,123,1334.0,164,1195.0,,,,,,,,,1.0,31.0,14.0,65.0,212,57,84,71,80,86,46,305,297,,
BI,Burundi,143,1285.0,85,1464.0,125,1285.0,168,1163.0,8.0,46.0,8.0,46.0,,,0.0,1.0,2.0,38.0,,,241,52,89,100,74,112,55,274,334,,
DO,Dominican Republic,145,1283.0,138,1295.0,167,1060.0,188,930.0,,,,,,,16.0,77.0,18.0,112.0,14.0,66.0,190,86,64,40,69,89,32,301,307,,
LT,Lithuania,146,1279.0,47,1662.0,92,1319.0,151,1050.0,0.0,2.0,0.0,2.0,,,,,,,,,418,170,207,41,106,230,82,415,759,,
MD,Moldova,147,1270.0,65,1556.0,109,1391.0,166,1169.0,,,,,,,,,8.0,51.0,,,302,115,146,41,60,172,70,247,523,,
BW,Botswana,148,1267.0,100,1437.0,150,1167.0,190,996.0,,,,,,,,,,,,,368,166,136,66,98,166,104,311,490,,
MT,Malta,149,1255.0,78,1435.0,118,1322.0,171,1155.0,,,,,4.0,5.0,4.0,,7.0,37.0,3.0,24.0,456,246,183,27,66,314,76,298,1020,,
GW,Guinea-Bissau,150,1248.0,84,1415.0,126,1282.0,163,1178.0,0.0,4.0,0.0,4.0,,,,,,,,,215,66,64,85,58,104,53,215,320,,
CU,Cuba,151,1239.0,21,1683.0,84,1438.0,161,1114.0,2.0,10.0,2.0,10.0,5.0,15.0,,,,,,,485,103,212,170,185,189,111,678,684,,
MW,Malawi,151,1239.0,48,1590.0,115,1327.0,153,1093.0,,,,,0.0,,,,,,,,700,306,245,149,232,265,203,817,902,,
CF,Central African Republic,153,1236.0,83,1417.0,124,1295.0,167,1177.0,,,,,,,,,,,,,164,32,67,65,36,94,34,181,326,,
GF,French Guiana,154,1223.0,71,1395.0,125,1246.0,172,1109.0,0.0,0.0,0.0,0.0,3.0,0.0,,,,,,,190,66,67,57,57,92,41,280,328,,
YT,Mayotte,155,1216.0,149,1233.0,157,1202.0,174,1124.0,1.0,0.0,1.0,0.0,5.0,0.0,5.0,0.0,,,3.0,,41,2,11,28,13,17,11,55,59,,
TM,Turkmenistan,156,1209.0,67,1547.0,117,1358.0,161,1205.0,,,,,,,3.0,,,,,,187,42,76,69,71,82,34,288,281,,
CG,Congo,157,1207.0,33,1690.0,83,1470.0,159,1207.0,2.0,0.0,2.0,0.0,0.0,,,,,,,,474,180,188,106,173,186,115,679,662,,
ER,Eritrea,158,1201.0,142,1246.0,164,1158.0,185,1056.0,6.0,62.0,6.0,62.0,8.0,62.0,9.0,62.0,15.0,62.0,27.0,127.0,86,20,28,38,17,50,19,61,137,,
LS,Lesotho,159,1198.0,125,1325.0,151,1179.0,179,1102.0,,,,,0.0,,,,,,20.0,93.0,354,113,147,94,70,180,104,280,580,,
YE,Yemen,160,1195.0,109,1367.0,144,1212.0,178,1078.0,3.0,44.0,3.0,44.0,12.0,74.0,11.0,82.0,,,3.0,,295,56,87,152,66,173,56,304,573,,
PH,Philippines,161,1179.0,27,1352.0,135,1069.0,220,681.0,1.0,23.0,1.0,23.0,8.0,46.0,22.0,137.0,11.0,33.0,,,397,110,127,160,99,238,60,432,1023,,
TI,Tahiti,162,1177.0,49,1591.0,102,1386.0,171,1137.0,,0.0,,0.0,,0.0,1.0,,,,,,254,58,71,125,136,82,36,693,383,,
SW,Eswatini,163,1148.0,119,1347.0,153,1168.0,181,1062.0,,,,,,,,,7.0,1.0,,,324,123,131,70,71,158,95,297,542,,
VC,Saint Vincent and the Grenadines,164,1141.0,58,1501.0,110,1322.0,185,1030.0,,,,,3.0,4.0,13.0,75.0,6.0,,12.0,29.0,365,138,135,92,131,150,84,566,648,,
PG,Papua New Guinea,165,1135.0,136,1223.0,165,1091.0,188,1017.0,1.0,0.0,1.0,0.0,9.0,31.0,9.0,52.0,4.0,,13.0,29.0,165,30,43,92,54,80,31,352,356,,
PR,Puerto Rico,165,1135.0,100,1166.0,169,936.0,203,829.0,2.0,1.0,2.0,1.0,3.0,1.0,1.0,,19.0,77.0,19.0,50.0,196,73,67,56,46,121,29,229,491,,
SG,Singapore,167,1134.0,80,1415.0,134,1228.0,187,1041.0,2.0,3.0,2.0,3.0,9.0,52.0,3.0,18.0,6.0,,2.0,,772,322,185,265,242,373,157,1036,1396,,
IN,India,168,1128.0,24,1685.0,110,1341.0,186,1029.0,2.0,5.0,2.0,5.0,,,,,,,15.0,37.0,612,177,172,263,220,263,129,838,1001,,
VU,Vanuatu,169,1118.0,111,1263.0,156,1104.0,191,960.0,5.0,4.0,5.0,4.0,12.0,73.0,13.0,73.0,,,,,227,54,51,122,71,124,32,404,485,,
BM,Bermuda,170,1117.0,91,1432.0,128,1284.0,177,1082.0,1.0,,2.0,,,,,,,,,,236,106,82,48,79,112,45,375,417,,
SS,South Sudan,171,1109.0,163,1155.0,178,1087.0,188,1018.0,,,,,,,,,11.0,30.0,2.0,,81,18,29,34,13,52,16,55,145,,
FJ,Fiji,172,1104.0,78,1466.0,129,1246.0,175,1069.0,3.0,,3.0,,,,,,,,,,288,106,65,117,126,106,56,647,463,,
HK,Hong Kong,173,1101.0,60,1533.0,123,1288.0,180,1058.0,,,,,,,5.0,43.0,,,,,514,183,152,179,178,234,102,816,873,,
GD,Grenada,174,1098.0,46,1548.0,101,1370.0,186,1060.0,,,,,,,1.0,16.0,,,1.0,,310,115,116,79,103,129,78,490,561,,
AD,Andorra,175,1080.0,169,1130.0,182,1050.0,195,952.0,4.0,,4.0,,2.0,14.0,,,12.0,52.0,18.0,120.0,231,92,106,33,15,184,32,77,543,,
MU,Mauritius,176,1073.0,36,1634.0,108,1334.0,195,930.0,1.0,,1.0,,,,9.0,64.0,13.0,66.0,5.0,,359,124,151,84,100,174,85,450,572,,
TD,Chad,176,1073.0,107,1318.0,135,1244.0,176,1073.0,,,,,,,,,,,,,182,45,59,78,35,105,42,165,340,,
BZ,Belize,176,1073.0,61,1201.0,139,1114.0,183,1034.0,0.0,,0.0,,2.0,15.0,3.0,17.0,1.0,,,,129,44,44,41,32,74,23,138,245,,
SB,Solomon Islands,179,1054.0,110,1378.0,147,1183.0,179,1041.0,,,,,,,,,,,,,223,59,62,102,94,92,37,480,428,,
MF,Saint Martin,180,1042.0,155,1120.0,187,983.0,214,755.0,6.0,39.0,6.0,39.0,2.0,,14.0,102.0,26.0,189.0,26.0,178.0,86,18,36,32,33,44,9,136,191,,
ST,Sao Tome and Principe,181,1035.0,153,1116.0,174,1056.0,190,985.0,,,,,2.0,,0.0,,2.0,,,,82,24,36,22,11,60,11,59,213,,
KN,Saint Kitts and Nevis,182,1029.0,88,1387.0,138,1174.0,186,1001.0,2.0,24.0,2.0,24.0,3.0,4.0,,,,,,,252,121,80,51,104,101,47,431,396,,
GI,Gibraltar,183,1011.0,167,1151.0,178,1081.0,189,1002.0,,,,,,,,,,,,,118,41,49,28,18,85,15,70,344,,
JS,Somaliland,184,1005.0,184,1005.0,188,1004.0,190,995.0,0.0,0.0,0.0,0.0,2.0,0.0,2.0,0.0,6.0,0.0,3.0,0.0,2,0,0,2,1,0,1,4,3,,
LC,Saint Lucia,185,1003.0,67,1353.0,126,1240.0,192,977.0,,,,,,,,,1.0,,,,264,89,108,67,90,132,42,361,485,,
EH,Western Sahara,186,996.0,186,996.0,189,996.0,192,996.0,1.0,0.0,1.0,0.0,1.0,0.0,2.0,0.0,5.0,0.0,2.0,0.0,1,0,1,0,0,1,0,0,6,,
MM,Myanmar,187,984.0,34,1675.0,125,1244.0,199,896.0,5.0,39.0,5.0,39.0,3.0,33.0,10.0,62.0,,,,,554,119,139,296,219,231,104,899,958,,
SO,Somalia,188,979.0,132,1218.0,166,1072.0,207,835.0,1.0,18.0,1.0,18.0,9.0,68.0,12.0,84.0,9.0,62.0,19.0,135.0,150,10,48,92,15,112,23,78,375,,
AW,Aruba,189,978.0,51,1444.0,125,1198.0,204,880.0,2.0,29.0,2.0,29.0,7.0,61.0,1.0,,9.0,68.0,9.0,62.0,208,83,81,44,52,112,44,298,471,,
SX,Sint Maarten,190,975.0,164,977.0,187,909.0,213,758.0,0.0,19.0,0.0,19.0,3.0,43.0,13.0,122.0,23.0,211.0,14.0,95.0,75,16,25,34,23,39,13,107,194,,
MS,Montserrat,191,972.0,116,1022.0,191,642.0,236,526.0,,0.0,,0.0,,0.0,,,3.0,25.0,36.0,328.0,74,15,26,33,18,48,8,76,235,,
AF,Afghanistan,192,961.0,96,1166.0,167,920.0,210,778.0,,,,,,,,,,,,,168,8,67,93,38,92,38,153,340,,
GL,Greenland,193,945.0,163,1035.0,185,975.0,197,945.0,,0.0,,0.0,,0.0,,0.0,,,,,22,2,7,13,5,16,1,35,50,,
BD,Bangladesh,194,942.0,150,1115.0,181,980.0,210,796.0,0.0,2.0,0.0,2.0,5.0,35.0,1.0,9.0,13.0,91.0,8.0,58.0,327,92,97,138,88,166,73,300,584,,
DJ,Djibouti,195,940.0,105,942.0,178,872.0,215,748.0,3.0,25.0,3.0,25.0,,11.0,,,7.0,44.0,20.0,190.0,121,28,40,53,11,99,11,83,424,,
DM,Dominica,196,934.0,59,1330.0,132,1196.0,198,932.0,,,,,,,,,,,,,246,69,97,80,60,132,54,288,488,,
PK,Pakistan,197,909.0,69,1458.0,154,1101.0,209,788.0,10.0,79.0,10.0,79.0,12.0,94.0,9.0,81.0,7.0,30.0,,,287,63,97,127,66,170,51,279,642,,
MC,Monaco,198,903.0,193,909.0,199,900.0,202,890.0,1.0,0.0,1.0,0.0,3.0,0.0,1.0,0.0,3.0,0.0,1.0,,9,0,1,8,4,2,3,11,15,,
BB,Barbados,199,898.0,54,1406.0,121,1243.0,200,898.0,,,,,,,,,,,,,375,168,132,75,117,162,96,492,616,,
AG,Antigua and Barbuda,200,895.0,102,1319.0,145,1178.0,201,895.0,1.0,0.0,1.0,0.0,,,,,,,,,285,116,101,68,95,136,54,394,491,,
LI,Liechtenstein,200,895.0,143,1242.0,167,1114.0,201,895.0,0.0,,0.0,,0.0,,,,,,,,259,115,125,19,19,208,32,104,726,,
NP,Nepal,202,893.0,167,1008.0,190,889.0,209,729.0,,,,,,,,,,,,,295,74,91,130,68,174,53,247,665,,
KH,Cambodia,203,871.0,93,1391.0,157,1058.0,221,677.0,0.0,27.0,0.0,27.0,4.0,36.0,1.0,19.0,5.0,33.0,7.0,101.0,318,82,93,143,73,200,45,367,816,,
SC,Seychelles,204,853.0,157,1123.0,182,987.0,205,842.0,0.0,11.0,0.0,11.0,,2.0,1.0,2.0,,,,,190,51,58,81,26,131,33,144,425,,
LK,Sri Lanka,205,836.0,77,1045.0,161,933.0,227,648.0,5.0,53.0,5.0,53.0,5.0,54.0,12.0,133.0,21.0,172.0,7.0,76.0,285,70,89,126,58,177,50,278,693,,
SM,San Marino,206,825.0,165,1015.0,195,917.0,212,770.0,0.0,,0.0,,,,6.0,49.0,3.0,,,,228,110,110,8,3,213,12,44,895,,
TW,Taiwan,207,822.0,15,1767.0,144,1169.0,213,760.0,,,,,,,,,,,5.0,62.0,339,96,109,134,96,191,52,465,788,,
BQ,Bonaire,208,817.0,81,1130.0,150,1037.0,208,817.0,0.0,,0.0,,,,,,,,,,104,19,52,33,24,68,12,116,257,,
MV,Maldives,209,801.0,162,1174.0,191,885.0,210,712.0,,,,,,,,,,,,,241,65,82,94,67,135,39,289,538,,
KY,Cayman Islands,210,800.0,153,1140.0,183,1000.0,210,795.0,,,,,,,,,,,,,129,60,39,30,26,78,25,125,313,,
HG,Chagos Islands,211,782.0,208,805.0,211,783.0,213,773.0,0.0,0.0,0.0,0.0,,0.0,0.0,0.0,,9.0,,,4,0,0,4,1,2,1,8,10,,
TV,Tuvalu,212,756.0,179,819.0,204,745.0,218,719.0,0.0,0.0,0.0,0.0,1.0,0.0,2.0,0.0,3.0,19.0,4.0,31.0,34,0,4,30,9,21,4,47,182,,
VG,British Virgin Islands,213,743.0,173,932.0,207,788.0,232,590.0,8.0,50.0,8.0,50.0,15.0,116.0,14.0,91.0,18.0,142.0,18.0,139.0,139,35,63,41,24,91,24,129,402,,
EU,Sint Eustatius,214,737.0,211,757.0,213,753.0,215,711.0,,0.0,,0.0,0.0,0.0,,,0.0,,0.0,,11,3,8,0,5,2,4,33,30,,
LA,Laos,215,734.0,144,1017.0,186,895.0,227,646.0,4.0,26.0,4.0,26.0,3.0,18.0,10.0,66.0,5.0,41.0,,,235,49,69,117,43,157,35,235,739,,
TL,East Timor,215,734.0,215,742.0,226,630.0,236,531.0,9.0,54.0,9.0,54.0,8.0,45.0,16.0,123.0,13.0,92.0,3.0,20.0,92,5,47,40,13,72,7,86,285,,
WS,Samoa,217,728.0,183,744.0,211,659.0,226,601.0,,0.0,,0.0,,0.0,,,6.0,51.0,4.0,38.0,77,28,15,34,23,50,4,109,279,,
MN,Mongolia,218,726.0,147,897.0,190,842.0,227,650.0,,,,,,,,,,,7.0,51.0,102,22,39,41,21,70,11,100,288,,
BL,Saint Barthelemy,219,725.0,215,730.0,217,706.0,221,694.0,,0.0,,0.0,,0.0,,0.0,,12.0,1.0,31.0,10,7,3,0,4,5,1,25,29,,
GU,Guam,220,706.0,179,895.0,207,694.0,232,531.0,,,,,,,2.0,24.0,,,,,132,25,44,63,31,88,13,169,592,,
WF,Wallis and Futuna,221,699.0,169,734.0,201,699.0,221,674.0,,0.0,,0.0,,0.0,,0.0,,0.0,,0.0,24,0,5,19,5,19,0,23,109,,
VA,Vatican,222,692.0,212,705.0,218,697.0,223,686.0,0.0,0.0,0.0,0.0,,0.0,,0.0,,0.0,0.0,6.0,5,0,0,5,0,3,2,1,6,,
AB,Saba,223,691.0,216,701.0,223,675.0,227,671.0,0.0,0.0,0.0,0.0,,0.0,1.0,20.0,2.0,20.0,3.0,20.0,8,5,3,0,2,4,2,25,26,,
BS,Bahamas,224,685.0,157,940.0,190,872.0,224,685.0,,,,,,,,,,,,,90,30,32,28,17,62,11,90,291,,
PM,Saint Pierre and Miquelon,225,677.0,218,698.0,223,678.0,226,677.0,0.0,0.0,0.0,0.0,,0.0,,0.0,,0.0,,0.0,7,0,0,7,0,7,0,2,78,,
TC,Turks and Caicos Islands,226,657.0,205,830.0,211,765.0,230,631.0,0.0,0.0,0.0,0.0,0.0,9.0,,,,,,,56,16,22,18,13,37,6,54,197,,
AI,Anguilla,227,646.0,196,672.0,224,556.0,237,497.0,1.0,1.0,1.0,1.0,4.0,30.0,6.0,46.0,9.0,91.0,10.0,94.0,117,31,50,36,16,87,14,74,413,,
TE,Tibet,228,629.0,177,691.0,208,665.0,231,629.0,1.0,0.0,1.0,0.0,,0.0,1.0,0.0,1.0,0.0,0.0,,10,0,3,7,0,9,1,8,38,,
VI,US Virgin Islands,229,628.0,210,748.0,219,685.0,233,587.0,2.0,10.0,2.0,10.0,4.0,41.0,1.0,10.0,,,,,81,27,35,19,10,58,13,55,300,,
BT,Bhutan,230,623.0,185,694.0,219,600.0,238,527.0,2.0,8.0,2.0,8.0,,1.0,1.0,12.0,4.0,55.0,6.0,67.0,117,20,40,57,12,97,8,68,423,,
CK,Cook Islands,231,622.0,175,738.0,206,681.0,232,622.0,,0.0,,0.0,,0.0,,,,,,,56,4,14,38,13,39,4,50,276,,
MO,Macao,232,589.0,103,1098.0,175,945.0,233,589.0,1.0,,1.0,,0.0,,,,,,,,161,51,50,60,24,120,17,141,490,,
CX,Christmas Island,233,578.0,219,614.0,228,577.0,235,513.0,1.0,0.0,1.0,0.0,1.0,0.0,1.0,0.0,0.0,0.0,0.0,0.0,10,6,4,0,7,2,1,29,8,,
BN,Brunei,234,572.0,168,952.0,201,778.0,234,572.0,,,,,,,,,,,,,153,30,42,81,27,113,13,120,491,,
FK,Falkland Islands,235,571.0,223,593.0,229,585.0,235,571.0,0.0,0.0,0.0,0.0,0.0,0.0,0.0,0.0,,,,,4,0,1,3,0,4,0,0,25,,
FM,FS Micronesia,236,564.0,219,618.0,231,572.0,237,564.0,0.0,0.0,0.0,0.0,0.0,0.0,0.0,0.0,,0.0,,0.0,8,1,3,4,1,7,0,8,64,,
MH,Marshall Islands,237,559.0,235,571.0,237,559.0,237,559.0,0.0,0.0,0.0,0.0,,,,,,,,,2,0,0,2,0,2,0,2,7,,
KI,Kiribati,238,544.0,188,599.0,219,578.0,238,544.0,0.0,0.0,0.0,0.0,,0.0,,0.0,,0.0,0.0,0.0,11,0,2,9,0,10,1,7,126,,
TO,Tonga,239,520.0,181,727.0,213,651.0,239,480.0,0.0,0.0,0.0,0.0,,0.0,0.0,40.0,,,,,70,10,15,45,16,48,6,82,265,,
NU,Niue,240,496.0,194,500.0,225,496.0,240,496.0,0.0,0.0,0.0,0.0,,0.0,,0.0,,0.0,,0.0,2,0,0,2,0,2,0,0,33,,
MP,Northern Mariana Islands,241,432.0,214,682.0,233,512.0,243,396.0,0.0,0.0,0.0,0.0,,0.0,,,1.0,22.0,,,36,7,11,18,5,28,3,43,153,,
CC,Cocos Islands,242,422.0,222,487.0,235,423.0,242,386.0,0.0,0.0,0.0,0.0,,0.0,,0.0,,0.0,0.0,0.0,10,4,6,0,2,7,1,8,29,,
PW,Palau,243,402.0,225,442.0,237,402.0,243,402.0,0.0,0.0,0.0,0.0,,0.0,,0.0,0.0,0.0,0.0,0.0,2,2,0,0,0,2,0,3,27,,
AS,Eastern Samoa,244,369.0,190,628.0,226,467.0,244,334.0,0.0,,0.0,,,,,,,,,,59,0,15,44,5,52,2,36,385,,
