year,stage,home_team,away_team,home_goals,away_goals,result,home_fifa_rank,home_fifa_points,home_wc_win_rate,home_avg_goals_scored,home_avg_goals_conceded,home_goal_diff,home_wc_matches,home_wc_appearances,home_wc_titles,away_fifa_rank,away_fifa_points,away_wc_win_rate,away_avg_goals_scored,away_avg_goals_conceded,away_goal_diff,away_wc_matches,away_wc_appearances,away_wc_titles,rank_diff,points_diff,points_ratio,win_rate_diff,goal_diff_diff,title_diff,experience_diff
1994,Group stage,Germany,Bolivia,1,0,H,10,1735.771984,0.0,0.0,0.0,0.0,0,0,0,77,1325.995377,0.0,0.0,0.0,0.0,0,0,0,-67,409.776607,0.5669,0.0,0.0,0,0
1994,Group stage,Spain,Korea Republic,2,2,D,2,1873.013187,0.0,0.0,0.0,0.0,0,0,0,25,1591.630886,0.0,0.0,0.0,0.0,0,0,0,-23,281.3823010000001,0.5406,0.0,0.0,0,0
1994,Group stage,USA,Switzerland,1,1,D,17,1671.2341,0.0,0.0,0.0,0.0,0,0,0,19,1650.064179,0.0,0.0,0.0,0.0,0,0,0,-2,21.16992099999993,0.5032,0.0,0.0,0,0
1994,Group stage,Italy,Republic of Ireland,0,1,A,12,1704.733836,0.0,0.0,0.0,0.0,0,0,3,58,1441.096901,0.0,0.0,0.0,0.0,0,0,0,-46,263.6369350000002,0.5419,0.0,0.0,3,0
1994,Group stage,Colombia,Romania,1,3,A,13,1698.351858,0.0,0.0,0.0,0.0,0,0,0,53,1455.894657,0.0,0.0,0.0,0.0,0,0,0,-40,242.45720099999997,0.5384,0.0,0.0,0,0
1994,Group stage,Belgium,Morocco,1,0,H,9,1742.235945,0.0,0.0,0.0,0.0,0,0,0,7,1755.100232,0.0,0.0,0.0,0.0,0,0,0,2,-12.864287000000104,0.4982,0.0,0.0,0,0
1994,Group stage,Norway,Mexico,1,0,H,31,1557.437664,0.0,0.0,0.0,0.0,0,0,0,14,1687.481759,0.0,0.0,0.0,0.0,0,0,0,17,-130.04409499999997,0.48,0.0,0.0,0,0
1994,Group stage,Cameroon,Sweden,2,2,D,44,1481.235245,0.0,0.0,0.0,0.0,0,0,0,38,1509.785392,0.0,0.0,0.0,0.0,0,0,0,6,-28.550146999999924,0.4952,0.0,0.0,0,0
1994,Group stage,Brazil,Russia,2,0,H,6,1765.856297,0.0,0.0,0.0,0.0,0,0,3,35,1527.237131,0.0,0.0,0.0,0.0,0,0,0,-29,238.61916599999995,0.5362,0.0,0.0,3,0
1994,Group stage,Netherlands,Saudi Arabia,2,1,H,8,1751.097835,0.0,0.0,0.0,0.0,0,0,0,61,1421.538339,0.0,0.0,0.0,0.0,0,0,0,-53,329.5594960000001,0.5519,0.0,0.0,0,0
1994,Group stage,Argentina,Greece,4,0,H,1,1876.118331,0.0,0.0,0.0,0.0,0,0,2,48,1473.187305,0.0,0.0,0.0,0.0,0,0,0,-47,402.931026,0.5602,0.0,0.0,2,0
1994,Group stage,Germany,Spain,1,1,D,10,1735.771984,1.0,1.0,0.0,1.0,1,1,0,2,1873.013187,0.0,2.0,2.0,0.0,1,1,0,8,-137.24120300000004,0.481,1.0,1.0,0,0
1994,Group stage,Nigeria,Bulgaria,3,0,H,26,1586.688586,0.0,0.0,0.0,0.0,0,0,0,87,1271.683325,0.0,0.0,0.0,0.0,0,0,0,-61,315.005261,0.5551,0.0,0.0,0,0
1994,Group stage,Romania,Switzerland,1,4,A,53,1455.894657,1.0,3.0,1.0,2.0,1,1,0,19,1650.064179,0.0,1.0,1.0,0.0,1,1,0,34,-194.16952199999992,0.4687,1.0,2.0,0,0
1994,Group stage,USA,Colombia,2,1,H,17,1671.2341,0.0,1.0,1.0,0.0,1,1,0,13,1698.351858,0.0,1.0,3.0,-2.0,1,1,0,4,-27.11775800000009,0.496,0.0,2.0,0,0
1994,Group stage,Italy,Norway,1,0,H,12,1704.733836,0.0,0.0,1.0,-1.0,1,1,3,31,1557.437664,1.0,1.0,0.0,1.0,1,1,0,-19,147.29617200000007,0.5226,-1.0,-2.0,3,0
1994,Group stage,Korea Republic,Bolivia,0,0,D,25,1591.630886,0.0,2.0,2.0,0.0,1,1,0,77,1325.995377,0.0,0.0,1.0,-1.0,1,1,0,-52,265.635509,0.5455,0.0,1.0,0,0
1994,Group stage,Mexico,Republic of Ireland,2,1,H,14,1687.481759,0.0,0.0,1.0,-1.0,1,1,0,58,1441.096901,1.0,1.0,0.0,1.0,1,1,0,-44,246.3848580000001,0.5394,-1.0,-2.0,0,0
1994,Group stage,Brazil,Cameroon,3,0,H,6,1765.856297,1.0,2.0,0.0,2.0,1,1,3,44,1481.235245,0.0,2.0,2.0,0.0,1,1,0,-38,284.621052,0.5438,1.0,2.0,3,0
1994,Group stage,Sweden,Russia,3,1,H,38,1509.785392,0.0,2.0,2.0,0.0,1,1,0,35,1527.237131,0.0,0.0,2.0,-2.0,1,1,0,3,-17.45173900000009,0.4971,0.0,2.0,0,0
1994,Group stage,Belgium,Netherlands,1,0,H,9,1742.235945,1.0,1.0,0.0,1.0,1,1,0,8,1751.097835,1.0,2.0,1.0,1.0,1,1,0,1,-8.86189000000013,0.4987,0.0,0.0,0,0
1994,Group stage,Saudi Arabia,Morocco,2,1,H,61,1421.538339,0.0,1.0,2.0,-1.0,1,1,0,7,1755.100232,0.0,0.0,1.0,-1.0,1,1,0,54,-333.56189300000005,0.4475,0.0,0.0,0,0
1994,Group stage,Argentina,Nigeria,2,1,H,1,1876.118331,1.0,4.0,0.0,4.0,1,1,2,26,1586.688586,1.0,3.0,0.0,3.0,1,1,0,-25,289.4297449999999,0.5418,0.0,1.0,2,0
1994,Group stage,Bulgaria,Greece,4,0,H,87,1271.683325,0.0,0.0,3.0,-3.0,1,1,0,48,1473.187305,0.0,0.0,4.0,-4.0,1,1,0,39,-201.50398,0.4633,0.0,1.0,0,0
1994,Group stage,USA,Romania,0,1,A,17,1671.2341,0.5,1.5,1.0,0.5,2,1,0,53,1455.894657,0.5,2.0,2.5,-0.5,2,1,0,-36,215.33944299999985,0.5344,0.0,1.0,0,0
1994,Group stage,Switzerland,Colombia,0,2,A,19,1650.064179,0.5,2.5,1.0,1.5,2,1,0,13,1698.351858,0.0,1.0,2.5,-1.5,2,1,0,6,-48.287679000000026,0.4928,0.5,3.0,0,0
1994,Group stage,Germany,Korea Republic,3,2,H,10,1735.771984,0.5,1.0,0.5,0.5,2,1,0,25,1591.630886,0.0,1.0,1.0,0.0,2,1,0,-15,144.14109800000006,0.5217,0.5,0.5,0,0
1994,Group stage,Bolivia,Spain,1,3,A,77,1325.995377,0.0,0.0,0.5,-0.5,2,1,0,2,1873.013187,0.0,1.5,1.5,0.0,2,1,0,75,-547.01781,0.4145,0.0,-0.5,0,0
1994,Group stage,Republic of Ireland,Norway,0,0,D,58,1441.096901,0.5,1.0,1.0,0.0,2,1,0,31,1557.437664,0.5,0.5,0.5,0.0,2,1,0,27,-116.34076300000017,0.4806,0.0,0.0,0,0
1994,Group stage,Italy,Mexico,1,1,D,12,1704.733836,0.5,0.5,0.5,0.0,2,1,3,14,1687.481759,0.5,1.0,1.0,0.0,2,1,0,-2,17.2520770000001,0.5025,0.0,0.0,3,0
1994,Group stage,Brazil,Sweden,1,1,D,6,1765.856297,1.0,2.5,0.0,2.5,2,1,3,38,1509.785392,0.5,2.5,1.5,1.0,2,1,0,-32,256.07090500000004,0.5391,0.5,1.5,3,0
1994,Group stage,Russia,Cameroon,6,1,H,35,1527.237131,0.0,0.5,2.5,-2.0,2,1,0,44,1481.235245,0.0,1.0,2.5,-1.5,2,1,0,-9,46.00188600000001,0.5076,0.0,-0.5,0,0
1994,Group stage,Morocco,Netherlands,1,2,A,7,1755.100232,0.0,0.5,1.5,-1.0,2,1,0,8,1751.097835,0.5,1.0,1.0,0.0,2,1,0,-1,4.002396999999974,0.5006,-0.5,-1.0,0,0
1994,Group stage,Belgium,Saudi Arabia,0,1,A,9,1742.235945,1.0,1.0,0.0,1.0,2,1,0,61,1421.538339,0.5,1.5,1.5,0.0,2,1,0,-52,320.69760599999995,0.5507,0.5,1.0,0,0
1994,Group stage,Greece,Nigeria,0,2,A,48,1473.187305,0.0,0.0,4.0,-4.0,2,1,0,26,1586.688586,0.5,2.0,1.0,1.0,2,1,0,22,-113.50128100000006,0.4815,-0.5,-5.0,0,0
1994,Group stage,Argentina,Bulgaria,0,2,A,1,1876.118331,1.0,3.0,0.5,2.5,2,1,2,87,1271.683325,0.5,2.0,1.5,0.5,2,1,0,-86,604.4350059999999,0.596,0.5,2.0,2,0
1994,Round of 16,Germany,Belgium,3,2,H,10,1735.771984,0.667,1.667,1.0,0.667,3,1,0,9,1742.235945,0.667,0.667,0.333,0.333,3,1,0,1,-6.463960999999927,0.4991,0.0,0.334,0,0
1994,Round of 16,Spain,Switzerland,3,0,H,2,1873.013187,0.333,2.0,1.333,0.667,3,1,0,19,1650.064179,0.333,1.667,1.333,0.333,3,1,0,-17,222.94900800000005,0.5316,0.0,0.334,0,0
1994,Round of 16,Saudi Arabia,Sweden,1,3,A,61,1421.538339,0.667,1.333,1.0,0.333,3,1,0,38,1509.785392,0.333,2.0,1.333,0.667,3,1,0,23,-88.24705300000005,0.4849,0.334,-0.334,0,0
1994,Round of 16,Romania,Argentina,3,2,H,53,1455.894657,0.667,1.667,1.667,0.0,3,1,0,1,1876.118331,0.667,2.0,1.0,1.0,3,1,2,52,-420.2236739999999,0.4369,0.0,-1.0,-2,0
1994,Round of 16,Netherlands,Republic of Ireland,2,0,H,8,1751.097835,0.667,1.333,1.0,0.333,3,1,0,58,1441.096901,0.333,0.667,0.667,0.0,3,1,0,-50,310.00093400000014,0.5486,0.334,0.333,0,0
1994,Round of 16,USA,Brazil,0,1,A,17,1671.2341,0.333,1.0,1.0,0.0,3,1,0,6,1765.856297,0.667,2.0,0.333,1.667,3,1,3,11,-94.62219700000014,0.4862,-0.334,-1.667,-3,0
1994,Round of 16,Nigeria,Italy,1,2,A,26,1586.688586,0.667,2.0,0.667,1.333,3,1,0,12,1704.733836,0.333,0.667,0.667,0.0,3,1,3,14,-118.04525000000012,0.4821,0.334,1.333,-3,0
1994,Round of 16,Mexico,Bulgaria,1,1,D,14,1687.481759,0.333,1.0,1.0,0.0,3,1,0,87,1271.683325,0.667,2.0,1.0,1.0,3,1,0,-73,415.798434,0.5703,-0.334,-1.0,0,0
1994,Quarter-finals,Italy,Spain,2,1,H,12,1704.733836,0.5,1.0,0.75,0.25,4,1,3,2,1873.013187,0.5,2.25,1.0,1.25,4,1,0,10,-168.2793509999999,0.4765,0.0,-1.0,3,0
1994,Quarter-finals,Netherlands,Brazil,2,3,A,8,1751.097835,0.75,1.5,0.75,0.75,4,1,0,6,1765.856297,0.75,1.75,0.25,1.5,4,1,3,2,-14.758462000000009,0.4979,0.0,-0.75,-3,0
1994,Quarter-finals,Bulgaria,Germany,2,1,H,87,1271.683325,0.5,1.75,1.0,0.75,4,1,0,10,1735.771984,0.75,2.0,1.25,0.75,4,1,0,77,-464.088659,0.4228,-0.25,0.0,0,0
1994,Quarter-finals,Romania,Sweden,2,2,D,53,1455.894657,0.75,2.0,1.75,0.25,4,1,0,38,1509.785392,0.5,2.25,1.25,1.0,4,1,0,15,-53.89073499999995,0.4909,0.25,-0.75,0,0
1994,Semi-finals,Bulgaria,Italy,1,2,A,87,1271.683325,0.6,1.8,1.0,0.8,5,1,0,12,1704.733836,0.6,1.2,0.8,0.4,5,1,3,75,-433.05051100000014,0.4273,0.0,0.4,-3,0
1994,Semi-finals,Sweden,Brazil,0,1,A,38,1509.785392,0.4,2.2,1.4,0.8,5,1,0,6,1765.856297,0.8,2.0,0.6,1.4,5,1,3,32,-256.07090500000004,0.4609,-0.4,-0.6,-3,0
1994,Third place,Sweden,Bulgaria,4,0,H,38,1509.785392,0.333,1.833,1.333,0.5,6,1,0,87,1271.683325,0.5,1.667,1.167,0.5,6,1,0,-49,238.10206700000003,0.5428,-0.167,0.0,0,0
1994,Final,Brazil,Italy,0,0,D,6,1765.856297,0.833,1.833,0.5,1.333,6,1,3,12,1704.733836,0.667,1.333,0.833,0.5,6,1,3,-6,61.12246099999993,0.5088,0.166,0.833,0,0
1998,Group stage,Brazil,Scotland,2,1,H,6,1765.856297,0.714,1.571,0.429,1.143,7,1,4,42,1503.34027,0.0,0.0,0.0,0.0,0,0,0,-36,262.5160270000001,0.5401,0.714,1.143,4,1
1998,Group stage,Morocco,Norway,2,2,D,7,1755.100232,0.0,0.667,1.667,-1.0,3,1,0,31,1557.437664,0.333,0.333,0.333,0.0,3,1,0,-24,197.662568,0.5298,-0.333,-1.0,0,0
1998,Group stage,Italy,Chile,2,2,D,12,1704.733836,0.571,1.143,0.714,0.429,7,1,3,55,1452.939983,0.0,0.0,0.0,0.0,0,0,0,-43,251.79385300000013,0.5399,0.571,0.429,3,1
1998,Group stage,Cameroon,Austria,1,1,D,44,1481.235245,0.0,1.0,3.667,-2.667,3,1,0,24,1597.404087,0.0,0.0,0.0,0.0,0,0,0,20,-116.1688419999998,0.4811,0.0,-2.667,0,1
1998,Group stage,Paraguay,Bulgaria,0,0,D,40,1505.349689,0.0,0.0,0.0,0.0,0,0,0,87,1271.683325,0.429,1.429,1.571,-0.143,7,1,0,-47,233.66636399999996,0.5421,-0.429,0.143,0,-1
1998,Group stage,Saudi Arabia,Denmark,0,1,A,61,1421.538339,0.5,1.25,1.5,-0.25,4,1,0,21,1619.474248,0.0,0.0,0.0,0.0,0,0,0,40,-197.93590900000004,0.4675,0.5,-0.25,0,1
1998,Group stage,France,South Africa,3,0,H,3,1869.428449,0.0,0.0,0.0,0.0,0,0,0,60,1428.379282,0.0,0.0,0.0,0.0,0,0,0,-57,441.0491669999999,0.5669,0.0,0.0,0,0
1998,Group stage,Spain,Nigeria,2,3,A,2,1873.013187,0.4,2.0,1.2,0.8,5,1,0,26,1586.688586,0.5,1.75,1.0,0.75,4,1,0,-24,286.32460100000003,0.5414,-0.1,0.05,0,0
1998,Group stage,Korea Republic,Mexico,1,3,A,25,1591.630886,0.0,1.333,1.667,-0.333,3,1,0,14,1687.481759,0.25,1.0,1.0,0.0,4,1,0,11,-95.85087300000008,0.4854,-0.25,-0.333,0,0
1998,Group stage,Netherlands,Belgium,0,0,D,8,1751.097835,0.6,1.6,1.2,0.4,5,1,0,9,1742.235945,0.5,1.0,1.0,0.0,4,1,0,-1,8.86189000000013,0.5013,0.1,0.4,0,0
1998,Group stage,Argentina,Japan,1,0,H,1,1876.118331,0.5,2.0,1.5,0.5,4,1,2,18,1661.576187,0.0,0.0,0.0,0.0,0,0,0,-17,214.542144,0.5303,0.5,0.5,2,1
1998,Group stage,Yugoslavia,IR Iran,1,0,H,100,1200.0,0.0,0.0,0.0,0.0,0,0,0,20,1619.58163,0.0,0.0,0.0,0.0,0,0,0,80,-419.5816299999999,0.4256,0.0,0.0,0,0
1998,Group stage,Jamaica,Croatia,1,3,A,71,1357.840144,0.0,0.0,0.0,0.0,0,0,0,11,1714.865572,0.0,0.0,0.0,0.0,0,0,0,60,-357.0254279999999,0.4419,0.0,0.0,0,0
1998,Group stage,England,Tunisia,2,0,H,4,1827.048678,0.0,0.0,0.0,0.0,0,0,1,46,1476.405088,0.0,0.0,0.0,0.0,0,0,0,-42,350.64359000000013,0.5531,0.0,0.0,1,0
1998,Group stage,Romania,Colombia,1,0,H,53,1455.894657,0.6,2.0,1.8,0.2,5,1,0,13,1698.351858,0.333,1.333,1.667,-0.333,3,1,0,40,-242.45720099999997,0.4616,0.267,0.533,0,0
1998,Group stage,Germany,USA,2,0,H,10,1735.771984,0.6,1.8,1.4,0.4,5,1,0,17,1671.2341,0.25,0.75,1.0,-0.25,4,1,0,-7,64.53788400000008,0.5095,0.35,0.65,0,0
1998,Group stage,Scotland,Norway,1,1,D,42,1503.34027,0.0,1.0,2.0,-1.0,1,1,0,31,1557.437664,0.25,0.75,0.75,0.0,4,2,0,11,-54.09739400000012,0.4912,-0.25,-1.0,0,-1
1998,Group stage,Brazil,Morocco,3,0,H,6,1765.856297,0.75,1.625,0.5,1.125,8,2,4,7,1755.100232,0.0,1.0,1.75,-0.75,4,2,0,-1,10.756065000000037,0.5015,0.75,1.875,4,0
1998,Group stage,Chile,Austria,1,1,D,55,1452.939983,0.0,2.0,2.0,0.0,1,1,0,24,1597.404087,0.0,1.0,1.0,0.0,1,1,0,31,-144.4641039999999,0.4763,0.0,0.0,0,0
1998,Group stage,Italy,Cameroon,3,0,H,12,1704.733836,0.5,1.25,0.875,0.375,8,2,3,44,1481.235245,0.0,1.0,3.0,-2.0,4,2,0,-32,223.49859100000003,0.5351,0.5,2.375,3,0
1998,Group stage,South Africa,Denmark,1,1,D,60,1428.379282,0.0,0.0,3.0,-3.0,1,1,0,21,1619.474248,1.0,1.0,0.0,1.0,1,1,0,39,-191.09496599999989,0.4687,-1.0,-4.0,0,0
1998,Group stage,France,Saudi Arabia,4,0,H,3,1869.428449,1.0,3.0,0.0,3.0,1,1,0,61,1421.538339,0.4,1.0,1.4,-0.4,5,2,0,-58,447.8901100000001,0.568,0.6,3.4,0,-1
1998,Group stage,Nigeria,Bulgaria,1,0,H,26,1586.688586,0.6,2.0,1.2,0.8,5,2,0,87,1271.683325,0.375,1.25,1.375,-0.125,8,2,0,-61,315.005261,0.5551,0.225,0.925,0,0
1998,Group stage,Spain,Paraguay,0,0,D,2,1873.013187,0.333,2.0,1.5,0.5,6,2,0,40,1505.349689,0.0,0.0,0.0,0.0,1,1,0,-38,367.6634980000001,0.5544,0.333,0.5,0,1
1998,Group stage,Japan,Croatia,0,1,A,18,1661.576187,0.0,0.0,1.0,-1.0,1,1,0,11,1714.865572,1.0,3.0,1.0,2.0,1,1,0,7,-53.28938500000004,0.4921,-1.0,-3.0,0,0
1998,Group stage,Belgium,Mexico,2,2,D,9,1742.235945,0.4,0.8,0.8,0.0,5,2,0,14,1687.481759,0.4,1.4,1.0,0.4,5,2,0,-5,54.75418599999989,0.508,0.0,-0.4,0,0
1998,Group stage,Netherlands,Korea Republic,5,0,H,8,1751.097835,0.5,1.333,1.0,0.333,6,2,0,25,1591.630886,0.0,1.25,2.0,-0.75,4,2,0,-17,159.4669490000001,0.5239,0.5,1.083,0,0
1998,Group stage,Germany,Yugoslavia,2,2,D,10,1735.771984,0.667,1.833,1.167,0.667,6,2,0,100,1200.0,1.0,1.0,0.0,1.0,1,1,0,-90,535.771984,0.5912,-0.333,-0.333,0,1
1998,Group stage,Argentina,Jamaica,5,0,H,1,1876.118331,0.6,1.8,1.2,0.6,5,2,2,71,1357.840144,0.0,1.0,3.0,-2.0,1,1,0,-70,518.2781869999999,0.5801,0.6,2.6,2,1
1998,Group stage,USA,IR Iran,1,2,A,17,1671.2341,0.2,0.6,1.2,-0.6,5,2,0,20,1619.58163,0.0,0.0,1.0,-1.0,1,1,0,-3,51.65247,0.5078,0.2,0.4,0,1
1998,Group stage,Colombia,Tunisia,1,0,H,13,1698.351858,0.25,1.0,1.5,-0.5,4,2,0,46,1476.405088,0.0,0.0,2.0,-2.0,1,1,0,-33,221.94677,0.535,0.25,1.5,0,1
1998,Group stage,Romania,England,2,1,H,53,1455.894657,0.667,1.833,1.5,0.333,6,2,0,4,1827.048678,1.0,2.0,0.0,2.0,1,1,1,49,-371.15402100000006,0.4435,-0.333,-1.667,-1,1
1998,Group stage,Italy,Austria,2,1,H,12,1704.733836,0.556,1.444,0.778,0.667,9,2,3,24,1597.404087,0.0,1.0,1.0,0.0,2,1,0,-12,107.32974900000022,0.5163,0.556,0.667,3,1
1998,Group stage,Chile,Cameroon,1,1,D,55,1452.939983,0.0,1.5,1.5,0.0,2,1,0,44,1481.235245,0.0,0.8,3.0,-2.2,5,2,0,11,-28.295262000000093,0.4952,0.0,2.2,0,-1
1998,Group stage,Scotland,Morocco,0,3,A,42,1503.34027,0.0,1.0,1.5,-0.5,2,1,0,7,1755.100232,0.0,0.8,2.0,-1.2,5,2,0,35,-251.7599620000001,0.4614,0.0,0.7,0,-1
1998,Group stage,Brazil,Norway,1,2,A,6,1765.856297,0.778,1.778,0.444,1.333,9,2,4,31,1557.437664,0.2,0.8,0.8,0.0,5,2,0,-25,208.418633,0.5314,0.578,1.333,4,0
1998,Group stage,France,Denmark,2,1,H,3,1869.428449,1.0,3.5,0.0,3.5,2,1,0,21,1619.474248,0.5,1.0,0.5,0.5,2,1,0,-18,249.954201,0.5358,0.5,3.0,0,0
1998,Group stage,South Africa,Saudi Arabia,2,2,D,60,1428.379282,0.0,0.5,2.0,-1.5,2,1,0,61,1421.538339,0.333,0.833,1.833,-1.0,6,2,0,-1,6.840943000000152,0.5012,-0.333,-0.5,0,-1
1998,Group stage,Spain,Bulgaria,6,1,H,2,1873.013187,0.286,1.714,1.286,0.429,7,2,0,87,1271.683325,0.333,1.111,1.333,-0.222,9,2,0,-85,601.329862,0.5956,-0.047,0.651,0,0
1998,Group stage,Nigeria,Paraguay,1,3,A,26,1586.688586,0.667,1.833,1.0,0.833,6,2,0,40,1505.349689,0.0,0.0,0.0,0.0,2,1,0,-14,81.33889700000009,0.5132,0.667,0.833,0,1
1998,Group stage,Belgium,Korea Republic,1,1,D,9,1742.235945,0.333,1.0,1.0,0.0,6,2,0,25,1591.630886,0.0,1.0,2.6,-1.6,5,2,0,-16,150.60505899999998,0.5226,0.333,1.6,0,0
1998,Group stage,Netherlands,Mexico,2,2,D,8,1751.097835,0.571,1.857,0.857,1.0,7,2,0,14,1687.481759,0.333,1.5,1.167,0.333,6,2,0,-6,63.61607600000002,0.5093,0.238,0.667,0,0
1998,Group stage,Germany,IR Iran,2,0,H,10,1735.771984,0.571,1.857,1.286,0.571,7,2,0,20,1619.58163,0.5,1.0,1.0,0.0,2,1,0,-10,116.19035400000008,0.5173,0.071,0.571,0,1
1998,Group stage,USA,Yugoslavia,0,1,A,17,1671.2341,0.167,0.667,1.333,-0.667,6,2,0,100,1200.0,0.5,1.5,1.0,0.5,2,1,0,-83,471.2340999999999,0.5821,-0.333,-1.167,0,1
1998,Group stage,Japan,Jamaica,1,2,A,18,1661.576187,0.0,0.0,1.0,-1.0,2,1,0,71,1357.840144,0.0,0.5,4.0,-3.5,2,1,0,-53,303.7360429999999,0.5503,0.0,2.5,0,0
1998,Group stage,Argentina,Croatia,1,0,H,1,1876.118331,0.667,2.333,1.0,1.333,6,2,2,11,1714.865572,1.0,2.0,0.5,1.5,2,1,0,-10,161.25275899999997,0.5225,-0.333,-0.167,2,1
1998,Group stage,Romania,Tunisia,1,1,D,53,1455.894657,0.714,1.857,1.429,0.429,7,2,0,46,1476.405088,0.0,0.0,1.5,-1.5,2,1,0,7,-20.51043099999993,0.4965,0.714,1.929,0,1
1998,Group stage,Colombia,England,0,2,A,13,1698.351858,0.4,1.0,1.2,-0.2,5,2,0,4,1827.048678,0.5,1.5,1.0,0.5,2,1,1,9,-128.69682000000012,0.4817,-0.1,-0.7,-1,1
1998,Round of 16,Italy,Norway,1,0,H,12,1704.733836,0.6,1.5,0.8,0.7,10,2,3,31,1557.437664,0.333,1.0,0.833,0.167,6,2,0,-19,147.29617200000007,0.5226,0.267,0.533,3,0
1998,Round of 16,Brazil,Chile,4,1,H,6,1765.856297,0.7,1.7,0.6,1.1,10,2,4,55,1452.939983,0.0,1.333,1.333,0.0,3,1,0,-49,312.91631400000006,0.5486,0.7,1.1,4,1
1998,Round of 16,France,Paraguay,1,0,H,3,1869.428449,1.0,3.0,0.333,2.667,3,1,0,40,1505.349689,0.333,1.0,0.333,0.667,3,1,0,-37,364.0787600000001,0.5539,0.667,2.0,0,0
1998,Round of 16,Nigeria,Denmark,1,4,A,26,1586.688586,0.571,1.714,1.286,0.429,7,2,0,21,1619.474248,0.333,1.0,1.0,0.0,3,1,0,5,-32.785662,0.4949,0.238,0.429,0,1
1998,Round of 16,Germany,Mexico,2,1,H,10,1735.771984,0.625,1.875,1.125,0.75,8,2,0,14,1687.481759,0.286,1.571,1.286,0.286,7,2,0,-4,48.29022499999997,0.5071,0.339,0.464,0,0
1998,Round of 16,Netherlands,Yugoslavia,2,1,H,8,1751.097835,0.5,1.875,1.0,0.875,8,2,0,100,1200.0,0.667,1.333,0.667,0.667,3,1,0,-92,551.097835,0.5934,-0.167,0.208,0,1
1998,Round of 16,Romania,Croatia,0,1,A,53,1455.894657,0.625,1.75,1.375,0.375,8,2,0,11,1714.865572,0.667,1.333,0.667,0.667,3,1,0,42,-258.9709149999999,0.4592,-0.042,-0.292,0,1
1998,Round of 16,Argentina,England,2,2,D,1,1876.118331,0.714,2.143,0.857,1.286,7,2,2,4,1827.048678,0.667,1.667,0.667,1.0,3,1,1,-3,49.06965299999979,0.5066,0.047,0.286,1,1
1998,Quarter-finals,France,Italy,0,0,D,3,1869.428449,1.0,2.5,0.25,2.25,4,1,0,12,1704.733836,0.636,1.455,0.727,0.727,11,2,3,-9,164.6946129999999,0.523,0.364,1.523,-3,-1
1998,Quarter-finals,Brazil,Denmark,3,2,H,6,1765.856297,0.727,1.909,0.636,1.273,11,2,4,21,1619.474248,0.5,1.75,1.0,0.75,4,1,0,-15,146.38204900000005,0.5216,0.227,0.523,4,1
1998,Quarter-finals,Netherlands,Argentina,2,1,H,8,1751.097835,0.556,1.889,1.0,0.889,9,2,0,1,1876.118331,0.625,2.125,1.0,1.125,8,2,2,7,-125.02049599999988,0.4828,-0.069,-0.236,-2,0
1998,Quarter-finals,Germany,Croatia,0,3,A,10,1735.771984,0.667,1.889,1.111,0.778,9,2,0,11,1714.865572,0.75,1.25,0.5,0.75,4,1,0,-1,20.90641200000005,0.503,-0.083,0.028,0,1
1998,Semi-finals,Brazil,Netherlands,1,1,D,6,1765.856297,0.75,2.0,0.75,1.25,12,2,4,8,1751.097835,0.6,1.9,1.0,0.9,10,2,0,-2,14.758462000000009,0.5021,0.15,0.35,4,0
1998,Semi-finals,France,Croatia,2,1,H,3,1869.428449,0.8,2.0,0.2,1.8,5,1,0,11,1714.865572,0.8,1.6,0.4,1.2,5,1,0,-8,154.56287700000007,0.5216,0.0,0.6,0,0
1998,Third place,Netherlands,Croatia,1,2,A,8,1751.097835,0.545,1.818,1.0,0.818,11,2,0,11,1714.865572,0.667,1.5,0.667,0.833,6,1,0,-3,36.2322630000001,0.5052,-0.122,-0.015,0,1
1998,Final,France,Brazil,3,0,H,3,1869.428449,0.833,2.0,0.333,1.667,6,1,0,6,1765.856297,0.692,1.923,0.769,1.154,13,2,4,-3,103.57215199999996,0.5142,0.141,0.513,-4,-1
2002,Group stage,France,Senegal,0,1,A,3,1869.428449,0.857,2.143,0.286,1.857,7,1,1,15,1686.412769,0.0,0.0,0.0,0.0,0,0,0,-12,183.01568,0.5257,0.857,1.857,1,1
2002,Group stage,Republic of Ireland,Cameroon,1,1,D,58,1441.096901,0.25,0.5,1.0,-0.5,4,1,0,44,1481.235245,0.0,0.833,2.667,-1.833,6,2,0,14,-40.13834400000019,0.4931,0.25,1.333,0,-1
2002,Group stage,Uruguay,Denmark,1,2,A,16,1673.068603,0.0,0.0,0.0,0.0,0,0,2,21,1619.474248,0.4,1.8,1.4,0.4,5,1,0,-5,53.59435499999995,0.5081,-0.4,-0.4,2,-1
2002,Group stage,Germany,Saudi Arabia,8,0,H,10,1735.771984,0.6,1.7,1.3,0.4,10,2,0,61,1421.538339,0.286,1.0,1.857,-0.857,7,2,0,-51,314.233645,0.5498,0.314,1.257,0,0
2002,Group stage,Argentina,Nigeria,1,0,H,1,1876.118331,0.556,2.0,1.111,0.889,9,2,2,26,1586.688586,0.5,1.625,1.625,0.0,8,2,0,-25,289.4297449999999,0.5418,0.056,0.889,2,0
2002,Group stage,Paraguay,South Africa,2,2,D,40,1505.349689,0.25,0.75,0.5,0.25,4,1,0,60,1428.379282,0.0,1.0,2.0,-1.0,3,1,0,-20,76.9704069999998,0.5131,0.25,1.25,0,0
2002,Group stage,England,Sweden,1,1,D,4,1827.048678,0.5,1.75,1.0,0.75,4,1,1,38,1509.785392,0.429,2.143,1.143,1.0,7,1,0,-34,317.2632860000001,0.5475,0.071,-0.25,1,0
2002,Group stage,Spain,Slovenia,3,1,H,2,1873.013187,0.375,2.25,1.25,1.0,8,2,0,59,1441.087158,0.0,0.0,0.0,0.0,0,0,0,-57,431.926029,0.5652,0.375,1.0,0,2
2002,Group stage,Croatia,Mexico,0,1,A,11,1714.865572,0.714,1.571,0.714,0.857,7,1,0,14,1687.481759,0.25,1.5,1.375,0.125,8,2,0,-3,27.38381299999992,0.504,0.464,0.732,0,-1
2002,Group stage,Brazil,Turkey,2,1,H,6,1765.856297,0.643,1.786,0.929,0.857,14,2,4,22,1605.730921,0.0,0.0,0.0,0.0,0,0,0,-16,160.12537599999996,0.5237,0.643,0.857,4,2
2002,Group stage,Italy,Ecuador,2,0,H,12,1704.733836,0.583,1.333,0.667,0.667,12,2,3,23,1598.51582,0.0,0.0,0.0,0.0,0,0,0,-11,106.21801600000003,0.5161,0.583,0.667,3,2
2002,Group stage,China,Costa Rica,0,2,A,100,1200.0,0.0,0.0,0.0,0.0,0,0,0,52,1457.00228,0.0,0.0,0.0,0.0,0,0,0,48,-257.0022799999999,0.4516,0.0,0.0,0,0
2002,Group stage,Japan,Belgium,2,2,D,18,1661.576187,0.0,0.333,1.333,-1.0,3,1,0,9,1742.235945,0.286,1.0,1.0,0.0,7,2,0,9,-80.65975800000001,0.4882,-0.286,-1.0,0,-1
2002,Group stage,Korea Republic,Poland,2,0,H,25,1591.630886,0.0,1.0,2.333,-1.333,6,2,0,36,1526.183359,0.0,0.0,0.0,0.0,0,0,0,-11,65.44752699999981,0.5105,0.0,-1.333,0,2
2002,Group stage,Russia,Tunisia,2,0,H,35,1527.237131,0.333,2.333,2.0,0.333,3,1,0,46,1476.405088,0.0,0.333,1.333,-1.0,3,1,0,-11,50.83204300000011,0.5085,0.333,1.333,0,0
2002,Group stage,USA,Portugal,3,2,H,17,1671.2341,0.143,0.571,1.286,-0.714,7,2,0,5,1766.177547,0.0,0.0,0.0,0.0,0,0,0,12,-94.9434470000001,0.4862,0.143,-0.714,0,2
2002,Group stage,Germany,Republic of Ireland,1,1,D,10,1735.771984,0.636,2.273,1.182,1.091,11,3,0,58,1441.096901,0.2,0.6,1.0,-0.4,5,2,0,-48,294.6750830000001,0.5464,0.436,1.491,0,1
2002,Group stage,Denmark,Senegal,1,1,D,21,1619.474248,0.5,1.833,1.333,0.5,6,2,0,15,1686.412769,1.0,1.0,0.0,1.0,1,1,0,6,-66.93852100000004,0.4899,-0.5,-0.5,0,1
2002,Group stage,Cameroon,Saudi Arabia,1,0,H,44,1481.235245,0.0,0.857,2.429,-1.571,7,3,0,61,1421.538339,0.25,0.875,2.625,-1.75,8,3,0,-17,59.696906000000126,0.5103,-0.25,0.179,0,0
2002,Group stage,France,Uruguay,0,0,D,3,1869.428449,0.75,1.875,0.375,1.5,8,2,1,16,1673.068603,0.0,1.0,2.0,-1.0,1,1,2,-13,196.3598460000001,0.5277,0.75,2.5,-1,1
2002,Group stage,Sweden,Nigeria,2,1,H,38,1509.785392,0.375,2.0,1.125,0.875,8,2,0,26,1586.688586,0.444,1.444,1.556,-0.111,9,3,0,12,-76.90319399999998,0.4876,-0.069,0.986,0,-1
2002,Group stage,Spain,Paraguay,3,1,H,2,1873.013187,0.444,2.333,1.222,1.111,9,3,0,40,1505.349689,0.2,1.0,0.8,0.2,5,2,0,-38,367.6634980000001,0.5544,0.244,0.911,0,1
2002,Group stage,Argentina,England,0,1,A,1,1876.118331,0.6,1.9,1.0,0.9,10,3,2,4,1827.048678,0.4,1.6,1.0,0.6,5,2,1,-3,49.06965299999979,0.5066,0.2,0.3,1,1
2002,Group stage,South Africa,Slovenia,1,0,H,60,1428.379282,0.0,1.25,2.0,-0.75,4,2,0,59,1441.087158,0.0,1.0,3.0,-2.0,1,1,0,1,-12.707875999999942,0.4978,0.0,1.25,0,1
2002,Group stage,Italy,Croatia,1,2,A,12,1704.733836,0.615,1.385,0.615,0.769,13,3,3,11,1714.865572,0.625,1.375,0.75,0.625,8,2,0,1,-10.13173599999982,0.4985,-0.01,0.144,3,1
2002,Group stage,Brazil,China,4,0,H,6,1765.856297,0.667,1.8,0.933,0.867,15,3,4,100,1200.0,0.0,0.0,2.0,-2.0,1,1,0,-94,565.856297,0.5954,0.667,2.867,4,2
2002,Group stage,Mexico,Ecuador,2,1,H,14,1687.481759,0.333,1.444,1.222,0.222,9,3,0,23,1598.51582,0.0,0.0,2.0,-2.0,1,1,0,-9,88.96593899999993,0.5135,0.333,2.222,0,2
2002,Group stage,Costa Rica,Turkey,1,1,D,52,1457.00228,1.0,2.0,0.0,2.0,1,1,0,22,1605.730921,0.0,1.0,2.0,-1.0,1,1,0,30,-148.72864100000015,0.4757,1.0,3.0,0,0
2002,Group stage,Japan,Russia,1,0,H,18,1661.576187,0.0,0.75,1.5,-0.75,4,2,0,35,1527.237131,0.5,2.25,1.5,0.75,4,2,0,-17,134.3390559999998,0.5211,-0.5,-1.5,0,0
2002,Group stage,Korea Republic,USA,1,1,D,25,1591.630886,0.143,1.143,2.0,-0.857,7,3,0,17,1671.2341,0.25,0.875,1.375,-0.5,8,3,0,8,-79.60321399999998,0.4878,-0.107,-0.357,0,0
2002,Group stage,Tunisia,Belgium,1,1,D,46,1476.405088,0.0,0.25,1.5,-1.25,4,2,0,9,1742.235945,0.25,1.125,1.125,0.0,8,3,0,37,-265.8308569999999,0.4587,-0.25,-1.25,0,-1
2002,Group stage,Portugal,Poland,4,0,H,5,1766.177547,0.0,2.0,3.0,-1.0,1,1,0,36,1526.183359,0.0,0.0,2.0,-2.0,1,1,0,-31,239.9941879999999,0.5364,0.0,1.0,0,0
2002,Group stage,Denmark,France,2,0,H,21,1619.474248,0.429,1.714,1.286,0.429,7,2,0,3,1869.428449,0.667,1.667,0.333,1.333,9,2,1,18,-249.954201,0.4642,-0.238,-0.904,-1,0
2002,Group stage,Senegal,Uruguay,3,3,D,15,1686.412769,0.5,1.0,0.5,0.5,2,1,0,16,1673.068603,0.0,0.5,1.0,-0.5,2,1,2,-1,13.344166000000088,0.502,0.5,1.0,-2,0
2002,Group stage,Saudi Arabia,Republic of Ireland,0,3,A,61,1421.538339,0.222,0.778,2.444,-1.667,9,3,0,58,1441.096901,0.167,0.667,1.0,-0.333,6,2,0,3,-19.558561999999934,0.4966,0.055,-1.334,0,1
2002,Group stage,Cameroon,Germany,0,2,A,44,1481.235245,0.125,0.875,2.125,-1.25,8,3,0,10,1735.771984,0.583,2.167,1.167,1.0,12,3,0,34,-254.5367389999999,0.4604,-0.458,-2.25,0,0
2002,Group stage,Sweden,Argentina,1,1,D,38,1509.785392,0.444,2.0,1.111,0.889,9,2,0,1,1876.118331,0.545,1.727,1.0,0.727,11,3,2,37,-366.3329389999999,0.4459,-0.101,0.162,-2,-1
2002,Group stage,Nigeria,England,0,0,D,26,1586.688586,0.4,1.4,1.6,-0.2,10,3,0,4,1827.048678,0.5,1.5,0.833,0.667,6,2,1,22,-240.3600920000001,0.4648,-0.1,-0.867,-1,1
2002,Group stage,Slovenia,Paraguay,1,3,A,59,1441.087158,0.0,0.5,2.0,-1.5,2,1,0,40,1505.349689,0.167,1.0,1.167,-0.167,6,2,0,19,-64.26253099999985,0.4891,-0.167,-1.333,0,-1
2002,Group stage,South Africa,Spain,2,3,A,60,1428.379282,0.2,1.2,1.6,-0.4,5,2,0,2,1873.013187,0.5,2.4,1.2,1.2,10,3,0,58,-444.6339049999999,0.4327,-0.3,-1.6,0,-1
2002,Group stage,Costa Rica,Brazil,2,5,A,52,1457.00228,0.5,1.5,0.5,1.0,2,1,0,6,1765.856297,0.688,1.938,0.875,1.062,16,3,4,46,-308.8540170000001,0.4521,-0.188,-0.062,-4,-2
2002,Group stage,Turkey,China,3,0,H,22,1605.730921,0.0,1.0,1.5,-0.5,2,1,0,100,1200.0,0.0,0.0,3.0,-3.0,2,1,0,-78,405.7309210000001,0.5723,0.0,2.5,0,0
2002,Group stage,Ecuador,Croatia,1,0,H,23,1598.51582,0.0,0.5,2.0,-1.5,2,1,0,11,1714.865572,0.667,1.444,0.778,0.667,9,2,0,12,-116.34975199999984,0.4824,-0.667,-2.167,0,-1
2002,Group stage,Mexico,Italy,1,1,D,14,1687.481759,0.4,1.5,1.2,0.3,10,3,0,12,1704.733836,0.571,1.357,0.714,0.643,14,3,3,2,-17.2520770000001,0.4975,-0.171,-0.343,-3,0
2002,Group stage,Japan,Tunisia,2,0,H,18,1661.576187,0.2,0.8,1.2,-0.4,5,2,0,46,1476.405088,0.0,0.4,1.4,-1.0,5,2,0,-28,185.1710989999999,0.5295,0.2,0.6,0,0
2002,Group stage,Belgium,Russia,3,2,H,9,1742.235945,0.222,1.111,1.111,0.0,9,3,0,35,1527.237131,0.4,1.8,1.4,0.4,5,2,0,-26,214.9988139999998,0.5329,-0.178,-0.4,0,1
2002,Group stage,Korea Republic,Portugal,1,0,H,25,1591.630886,0.125,1.125,1.875,-0.75,8,3,0,5,1766.177547,0.5,3.0,1.5,1.5,2,1,0,20,-174.54666100000009,0.474,-0.375,-2.25,0,2
2002,Group stage,Poland,USA,3,1,H,36,1526.183359,0.0,0.0,3.0,-3.0,2,1,0,17,1671.2341,0.222,0.889,1.333,-0.444,9,3,0,19,-145.0507409999998,0.4773,-0.222,-2.556,0,-2
2002,Round of 16,Germany,Paraguay,1,0,H,10,1735.771984,0.615,2.154,1.077,1.077,13,3,0,40,1505.349689,0.286,1.286,1.143,0.143,7,2,0,-30,230.42229500000008,0.5355,0.329,0.934,0,1
2002,Round of 16,Denmark,England,0,3,A,21,1619.474248,0.5,1.75,1.125,0.625,8,2,0,4,1827.048678,0.429,1.286,0.714,0.571,7,2,1,17,-207.5744300000001,0.4699,0.071,0.054,-1,0
2002,Round of 16,Sweden,Senegal,1,2,A,38,1509.785392,0.4,1.9,1.1,0.8,10,2,0,15,1686.412769,0.333,1.667,1.333,0.333,3,1,0,23,-176.62737700000002,0.4724,0.067,0.467,0,1
2002,Round of 16,Spain,Republic of Ireland,1,1,D,2,1873.013187,0.545,2.455,1.273,1.182,11,3,0,58,1441.096901,0.286,1.0,0.857,0.143,7,2,0,-56,431.9162860000001,0.5652,0.259,1.039,0,1
2002,Round of 16,Mexico,USA,0,2,A,14,1687.481759,0.364,1.455,1.182,0.273,11,3,0,17,1671.2341,0.2,0.9,1.5,-0.6,10,3,0,-3,16.247659000000112,0.5024,0.164,0.873,0,0
2002,Round of 16,Brazil,Belgium,2,0,H,6,1765.856297,0.706,2.118,0.941,1.176,17,3,4,9,1742.235945,0.3,1.3,1.2,0.1,10,3,0,-3,23.62035200000014,0.5034,0.406,1.076,4,0
2002,Round of 16,Japan,Turkey,0,1,A,18,1661.576187,0.333,1.0,1.0,0.0,6,2,0,22,1605.730921,0.333,1.667,1.0,0.667,3,1,0,-4,55.84526599999981,0.5085,0.0,-0.667,0,1
2002,Round of 16,Korea Republic,Italy,2,1,H,25,1591.630886,0.222,1.111,1.667,-0.556,9,3,0,12,1704.733836,0.533,1.333,0.733,0.6,15,3,3,13,-113.1029500000002,0.4828,-0.311,-1.156,-3,0
2002,Quarter-finals,England,Brazil,1,2,A,4,1827.048678,0.5,1.5,0.625,0.875,8,2,1,6,1765.856297,0.722,2.111,0.889,1.222,18,3,4,-2,61.19238100000007,0.5085,-0.222,-0.347,-3,-1
2002,Quarter-finals,Germany,USA,1,0,H,10,1735.771984,0.643,2.071,1.0,1.071,14,3,0,17,1671.2341,0.273,1.0,1.364,-0.364,11,3,0,-7,64.53788400000008,0.5095,0.37,1.435,0,0
2002,Quarter-finals,Korea Republic,Spain,0,0,D,25,1591.630886,0.3,1.2,1.6,-0.4,10,3,0,2,1873.013187,0.5,2.333,1.25,1.083,12,3,0,23,-281.3823010000001,0.4594,-0.2,-1.483,0,0
2002,Quarter-finals,Senegal,Turkey,0,1,A,15,1686.412769,0.5,1.75,1.25,0.5,4,1,0,22,1605.730921,0.5,1.5,0.75,0.75,4,1,0,-7,80.68184799999995,0.5123,0.0,-0.25,0,0
2002,Semi-finals,Korea Republic,Germany,0,1,A,25,1591.630886,0.273,1.091,1.455,-0.364,11,3,0,10,1735.771984,0.667,2.0,0.933,1.067,15,3,0,15,-144.14109800000006,0.4783,-0.394,-1.431,0,0
2002,Semi-finals,Brazil,Turkey,1,0,H,6,1765.856297,0.737,2.105,0.895,1.211,19,3,4,22,1605.730921,0.6,1.4,0.6,0.8,5,1,0,-16,160.12537599999996,0.5237,0.137,0.411,4,2
2002,Third place,Korea Republic,Turkey,2,3,A,25,1591.630886,0.25,1.0,1.417,-0.417,12,3,0,22,1605.730921,0.5,1.167,0.667,0.5,6,1,0,3,-14.100035000000162,0.4978,-0.25,-0.917,0,2
2002,Final,Germany,Brazil,0,2,A,10,1735.771984,0.688,1.938,0.875,1.062,16,3,0,6,1765.856297,0.75,2.05,0.85,1.2,20,3,4,4,-30.084313000000066,0.4957,-0.062,-0.138,-4,0
2006,Group stage,Germany,Costa Rica,4,2,H,10,1735.771984,0.647,1.824,0.941,0.882,17,3,0,52,1457.00228,0.333,1.667,2.0,-0.333,3,1,0,-42,278.76970400000005,0.5437,0.314,1.215,0,2
2006,Group stage,Poland,Ecuador,0,2,A,36,1526.183359,0.333,1.0,2.333,-1.333,3,1,0,23,1598.51582,0.333,0.667,1.333,-0.667,3,1,0,13,-72.33246099999997,0.4884,0.0,-0.666,0,0
2006,Group stage,England,Paraguay,1,0,H,4,1827.048678,0.444,1.444,0.778,0.667,9,2,1,40,1505.349689,0.25,1.125,1.125,0.0,8,2,0,-36,321.6989890000002,0.5483,0.194,0.667,1,0
2006,Group stage,Trinidad and Tobago,Sweden,0,0,D,103,1221.951833,0.0,0.0,0.0,0.0,0,0,0,38,1509.785392,0.364,1.818,1.182,0.636,11,2,0,65,-287.8335589999999,0.4473,-0.364,-0.636,0,-2
2006,Group stage,Argentina,Côte d'Ivoire,2,1,H,1,1876.118331,0.5,1.667,1.0,0.667,12,3,2,33,1540.869533,0.0,0.0,0.0,0.0,0,0,0,-32,335.24879799999985,0.5491,0.5,0.667,2,3
2006,Group stage,Serbia,Netherlands,0,1,A,43,1502.133186,0.0,0.0,0.0,0.0,0,0,0,8,1751.097835,0.5,1.75,1.083,0.667,12,2,0,35,-248.964649,0.4617,-0.5,-0.667,0,-2
2006,Group stage,Mexico,IR Iran,3,1,H,14,1687.481759,0.333,1.333,1.25,0.083,12,3,0,20,1619.58163,0.333,0.667,1.333,-0.667,3,1,0,-6,67.9001290000001,0.5103,0.0,0.75,0,2
2006,Group stage,Angola,Portugal,0,1,A,89,1262.219698,0.0,0.0,0.0,0.0,0,0,0,5,1766.177547,0.333,2.0,1.333,0.667,3,1,0,84,-503.9578489999999,0.4168,-0.333,-0.667,0,-1
2006,Group stage,Australia,Japan,3,1,H,27,1579.34264,0.0,0.0,0.0,0.0,0,0,0,18,1661.576187,0.286,0.857,1.0,-0.143,7,2,0,9,-82.23354699999982,0.4873,-0.286,0.143,0,-2
2006,Group stage,USA,Czechia,0,3,A,17,1671.2341,0.25,0.917,1.333,-0.417,12,3,0,39,1505.737856,0.0,0.0,0.0,0.0,0,0,0,-22,165.49624399999993,0.526,0.25,-0.417,0,3
2006,Group stage,Italy,Ghana,2,0,H,12,1704.733836,0.5,1.312,0.812,0.5,16,3,3,73,1346.881205,0.0,0.0,0.0,0.0,0,0,0,-61,357.8526310000002,0.5586,0.5,0.5,3,3
2006,Group stage,Korea Republic,Togo,2,1,H,25,1591.630886,0.231,1.077,1.538,-0.462,13,3,0,122,1146.703618,0.0,0.0,0.0,0.0,0,0,0,-97,444.9272679999999,0.5812,0.231,-0.462,0,3
2006,Group stage,France,Switzerland,0,0,D,3,1869.428449,0.6,1.5,0.5,1.0,10,2,1,19,1650.064179,0.25,1.25,1.75,-0.5,4,1,0,-16,219.36427000000003,0.5312,0.35,1.5,1,1
2006,Group stage,Brazil,Croatia,1,0,H,6,1765.856297,0.762,2.048,0.81,1.238,21,3,5,11,1714.865572,0.6,1.3,0.8,0.5,10,2,0,-5,50.99072500000011,0.5073,0.162,0.738,5,1
2006,Group stage,Spain,Ukraine,4,0,H,2,1873.013187,0.462,2.154,1.154,1.0,13,3,0,32,1549.287173,0.0,0.0,0.0,0.0,0,0,0,-30,323.7260140000001,0.5473,0.462,1.0,0,3
2006,Group stage,Tunisia,Saudi Arabia,2,2,D,46,1476.405088,0.0,0.333,1.5,-1.167,6,2,0,61,1421.538339,0.2,0.7,2.5,-1.8,10,3,0,-15,54.86674900000003,0.5095,-0.2,0.633,0,-1
2006,Group stage,Germany,Poland,1,0,H,10,1735.771984,0.667,1.944,1.0,0.944,18,4,0,36,1526.183359,0.25,0.75,2.25,-1.5,4,2,0,-26,209.5886249999999,0.5321,0.417,2.444,0,2
2006,Group stage,Ecuador,Costa Rica,3,0,H,23,1598.51582,0.5,1.0,1.0,0.0,4,2,0,52,1457.00228,0.25,1.75,2.5,-0.75,4,2,0,-29,141.51354000000015,0.5232,0.25,0.75,0,0
2006,Group stage,England,Trinidad and Tobago,2,0,H,4,1827.048678,0.5,1.4,0.7,0.7,10,3,1,103,1221.951833,0.0,0.0,0.0,0.0,1,1,0,-99,605.096845,0.5992,0.5,0.7,1,2
2006,Group stage,Sweden,Paraguay,1,0,H,38,1509.785392,0.333,1.667,1.083,0.583,12,3,0,40,1505.349689,0.222,1.0,1.111,-0.111,9,3,0,-2,4.435703000000103,0.5007,0.111,0.694,0,0
2006,Group stage,Argentina,Serbia,6,0,H,1,1876.118331,0.538,1.692,1.0,0.692,13,4,2,43,1502.133186,0.0,0.0,1.0,-1.0,1,1,0,-42,373.9851449999999,0.5554,0.538,1.692,2,3
2006,Group stage,Netherlands,Côte d'Ivoire,2,1,H,8,1751.097835,0.538,1.692,1.0,0.692,13,3,0,33,1540.869533,0.0,1.0,2.0,-1.0,1,1,0,-25,210.228302,0.5319,0.538,1.692,0,2
2006,Group stage,Mexico,Angola,0,0,D,14,1687.481759,0.385,1.462,1.231,0.231,13,4,0,89,1262.219698,0.0,0.0,1.0,-1.0,1,1,0,-75,425.2620609999999,0.5721,0.385,1.231,0,3
2006,Group stage,Portugal,IR Iran,2,0,H,5,1766.177547,0.5,1.75,1.0,0.75,4,2,0,20,1619.58163,0.25,0.75,1.75,-1.0,4,2,0,-15,146.5959170000001,0.5216,0.25,1.75,0,0
2006,Group stage,Czechia,Ghana,0,2,A,39,1505.737856,1.0,3.0,0.0,3.0,1,1,0,73,1346.881205,0.0,0.0,2.0,-2.0,1,1,0,-34,158.85665100000006,0.5278,1.0,5.0,0,0
2006,Group stage,Italy,USA,1,1,D,12,1704.733836,0.529,1.353,0.765,0.588,17,4,3,17,1671.2341,0.231,0.846,1.462,-0.615,13,4,0,-5,33.49973600000021,0.505,0.298,1.203,3,0
2006,Group stage,Japan,Croatia,0,0,D,18,1661.576187,0.25,0.875,1.25,-0.375,8,3,0,11,1714.865572,0.545,1.182,0.818,0.364,11,3,0,7,-53.28938500000004,0.4921,-0.295,-0.739,0,0
2006,Group stage,Brazil,Australia,2,0,H,6,1765.856297,0.773,2.0,0.773,1.227,22,4,5,27,1579.34264,1.0,3.0,1.0,2.0,1,1,0,-21,186.513657,0.5279,-0.227,-0.773,5,3
2006,Group stage,France,Korea Republic,1,1,D,3,1869.428449,0.545,1.364,0.455,0.909,11,3,1,25,1591.630886,0.286,1.143,1.5,-0.357,14,4,0,-22,277.7975630000001,0.5401,0.259,1.266,1,-1
2006,Group stage,Togo,Switzerland,0,2,A,122,1146.703618,0.0,1.0,2.0,-1.0,1,1,0,19,1650.064179,0.2,1.0,1.4,-0.4,5,2,0,103,-503.360561,0.41,-0.2,-0.6,0,-1
2006,Group stage,Saudi Arabia,Ukraine,0,4,A,61,1421.538339,0.182,0.818,2.455,-1.636,11,4,0,32,1549.287173,0.0,0.0,4.0,-4.0,1,1,0,29,-127.748834,0.4785,0.182,2.364,0,3
2006,Group stage,Spain,Tunisia,3,1,H,2,1873.013187,0.5,2.286,1.071,1.214,14,4,0,46,1476.405088,0.0,0.571,1.571,-1.0,7,3,0,-44,396.608099,0.5592,0.5,2.214,0,1
2006,Group stage,Germany,Ecuador,3,0,H,10,1735.771984,0.684,1.895,0.947,0.947,19,4,0,23,1598.51582,0.6,1.4,0.8,0.6,5,2,0,-13,137.2561639999999,0.5206,0.084,0.347,0,2
2006,Group stage,Costa Rica,Poland,1,2,A,52,1457.00228,0.2,1.4,2.6,-1.2,5,2,0,36,1526.183359,0.2,0.6,2.0,-1.4,5,2,0,16,-69.18107900000018,0.4884,0.0,0.2,0,0
2006,Group stage,Sweden,England,2,2,D,38,1509.785392,0.385,1.615,1.0,0.615,13,3,0,4,1827.048678,0.545,1.455,0.636,0.818,11,3,1,34,-317.2632860000001,0.4525,-0.16,-0.203,-1,0
2006,Group stage,Paraguay,Trinidad and Tobago,2,0,H,40,1505.349689,0.2,0.9,1.1,-0.2,10,3,0,103,1221.951833,0.0,0.0,1.0,-1.0,2,1,0,-63,283.3978559999998,0.552,0.2,0.8,0,2
2006,Group stage,IR Iran,Angola,1,1,D,20,1619.58163,0.2,0.6,1.8,-1.2,5,2,0,89,1262.219698,0.0,0.0,0.5,-0.5,2,1,0,-69,357.3619319999998,0.562,0.2,-0.7,0,1
2006,Group stage,Portugal,Mexico,2,1,H,5,1766.177547,0.6,1.8,0.8,1.0,5,2,0,14,1687.481759,0.357,1.357,1.143,0.214,14,4,0,-9,78.695788,0.5114,0.243,0.786,0,-2
2006,Group stage,Netherlands,Argentina,0,0,D,8,1751.097835,0.571,1.714,1.0,0.714,14,3,0,1,1876.118331,0.571,2.0,0.929,1.071,14,4,2,7,-125.02049599999988,0.4828,0.0,-0.357,-2,-1
2006,Group stage,Côte d'Ivoire,Serbia,3,2,H,33,1540.869533,0.0,1.0,2.0,-1.0,2,1,0,43,1502.133186,0.0,0.0,3.5,-3.5,2,1,0,-10,38.73634700000002,0.5064,0.0,2.5,0,0
2006,Group stage,Czechia,Italy,0,2,A,39,1505.737856,0.5,1.5,1.0,0.5,2,1,0,12,1704.733836,0.5,1.333,0.778,0.556,18,4,3,27,-198.99598000000012,0.469,0.0,-0.056,-3,-3
2006,Group stage,Ghana,USA,2,1,H,73,1346.881205,0.5,1.0,1.0,0.0,2,1,0,17,1671.2341,0.214,0.857,1.429,-0.571,14,4,0,56,-324.352895,0.4463,0.286,0.571,0,-3
2006,Group stage,Japan,Brazil,1,4,A,18,1661.576187,0.222,0.778,1.111,-0.333,9,3,0,6,1765.856297,0.783,2.0,0.739,1.261,23,4,5,12,-104.28011000000016,0.4848,-0.561,-1.594,-5,-1
2006,Group stage,Croatia,Australia,2,2,D,11,1714.865572,0.5,1.083,0.75,0.333,12,3,0,27,1579.34264,0.5,1.5,1.5,0.0,2,1,0,-16,135.52293199999986,0.5206,0.0,0.333,0,2
2006,Group stage,Ukraine,Tunisia,1,0,H,32,1549.287173,0.5,2.0,2.0,0.0,2,1,0,46,1476.405088,0.0,0.625,1.75,-1.125,8,3,0,-14,72.88208499999996,0.512,0.5,1.125,0,-2
2006,Group stage,Saudi Arabia,Spain,0,1,A,61,1421.538339,0.167,0.75,2.583,-1.833,12,4,0,2,1873.013187,0.533,2.333,1.067,1.267,15,4,0,59,-451.47484800000007,0.4315,-0.366,-3.1,0,0
2006,Group stage,Togo,France,0,2,A,122,1146.703618,0.0,0.5,2.0,-1.5,2,1,0,3,1869.428449,0.5,1.333,0.5,0.833,12,3,1,119,-722.724831,0.3802,-0.5,-2.333,-1,-2
2006,Group stage,Switzerland,Korea Republic,2,0,H,19,1650.064179,0.333,1.167,1.167,0.0,6,2,0,25,1591.630886,0.267,1.133,1.467,-0.333,15,4,0,-6,58.43329300000005,0.509,0.066,0.333,0,-2
2006,Round of 16,Germany,Sweden,2,0,H,10,1735.771984,0.7,1.95,0.9,1.05,20,4,0,38,1509.785392,0.357,1.643,1.071,0.571,14,3,0,-28,225.986592,0.5348,0.343,0.479,0,1
2006,Round of 16,Argentina,Mexico,2,1,H,1,1876.118331,0.533,1.867,0.867,1.0,15,4,2,14,1687.481759,0.333,1.333,1.2,0.133,15,4,0,-13,188.6365719999999,0.5265,0.2,0.867,2,0
2006,Round of 16,England,Ecuador,1,0,H,4,1827.048678,0.5,1.5,0.75,0.75,12,3,1,23,1598.51582,0.5,1.167,1.167,0.0,6,2,0,-19,228.53285800000003,0.5334,0.0,0.75,1,1
2006,Round of 16,Portugal,Netherlands,1,0,H,5,1766.177547,0.667,1.833,0.833,1.0,6,2,0,8,1751.097835,0.533,1.6,0.933,0.667,15,3,0,-3,15.079711999999972,0.5021,0.134,0.333,0,-1
2006,Round of 16,Italy,Australia,1,0,H,12,1704.733836,0.526,1.368,0.737,0.632,19,4,3,27,1579.34264,0.333,1.667,1.667,0.0,3,1,0,-15,125.39119600000004,0.5191,0.193,0.632,3,3
2006,Round of 16,Switzerland,Ukraine,0,0,D,19,1650.064179,0.429,1.286,1.0,0.286,7,2,0,32,1549.287173,0.667,1.667,1.333,0.333,3,1,0,-13,100.77700600000004,0.5157,-0.238,-0.047,0,1
2006,Round of 16,Brazil,Ghana,3,0,H,6,1765.856297,0.792,2.083,0.75,1.333,24,4,5,73,1346.881205,0.667,1.333,1.0,0.333,3,1,0,-67,418.9750920000001,0.5673,0.125,1.0,5,3
2006,Round of 16,Spain,France,1,3,A,2,1873.013187,0.562,2.25,1.0,1.25,16,4,0,3,1869.428449,0.538,1.385,0.462,0.923,13,3,1,-1,3.584738000000016,0.5005,0.024,0.327,-1,1
2006,Quarter-finals,Germany,Argentina,1,1,D,10,1735.771984,0.714,1.952,0.857,1.095,21,4,0,1,1876.118331,0.562,1.875,0.875,1.0,16,4,2,9,-140.34634699999992,0.4806,0.152,0.095,-2,0
2006,Quarter-finals,Italy,Ukraine,3,0,H,12,1704.733836,0.55,1.35,0.7,0.65,20,4,3,32,1549.287173,0.5,1.25,1.0,0.25,4,1,0,-20,155.44666300000017,0.5239,0.05,0.4,3,3
2006,Quarter-finals,England,Portugal,0,0,D,4,1827.048678,0.538,1.462,0.692,0.769,13,3,1,5,1766.177547,0.714,1.714,0.714,1.0,7,2,0,-1,60.871131000000105,0.5085,-0.176,-0.231,1,1
2006,Quarter-finals,Brazil,France,0,1,A,6,1765.856297,0.8,2.12,0.72,1.4,25,4,5,3,1869.428449,0.571,1.5,0.5,1.0,14,3,1,3,-103.57215199999996,0.4858,0.229,0.4,4,1
2006,Semi-finals,Germany,Italy,0,2,A,10,1735.771984,0.682,1.909,0.864,1.045,22,4,0,12,1704.733836,0.571,1.429,0.667,0.762,21,4,3,-2,31.038147999999865,0.5045,0.111,0.283,-3,0
2006,Semi-finals,Portugal,France,0,1,A,5,1766.177547,0.625,1.5,0.625,0.875,8,2,0,3,1869.428449,0.6,1.467,0.467,1.0,15,3,1,2,-103.250902,0.4858,0.025,-0.125,-1,-1
2006,Third place,Germany,Portugal,3,1,H,10,1735.771984,0.652,1.826,0.913,0.913,23,4,0,5,1766.177547,0.556,1.333,0.667,0.667,9,2,0,5,-30.40556300000003,0.4957,0.096,0.246,0,2
2006,Final,Italy,France,1,1,D,12,1704.733836,0.591,1.455,0.636,0.818,22,4,3,3,1869.428449,0.625,1.438,0.438,1.0,16,3,1,9,-164.6946129999999,0.477,-0.034,-0.182,2,1
2010,Group stage,South Africa,Mexico,1,1,D,60,1428.379282,0.167,1.333,1.833,-0.5,6,2,0,14,1687.481759,0.312,1.312,1.25,0.062,16,4,0,46,-259.1024769999999,0.4584,-0.145,-0.562,0,-2
2010,Group stage,Uruguay,France,0,0,D,16,1673.068603,0.0,1.333,1.667,-0.333,3,1,2,3,1869.428449,0.588,1.412,0.471,0.941,17,3,1,13,-196.3598460000001,0.4723,-0.588,-1.274,1,-2
2010,Group stage,Korea Republic,Greece,2,0,H,25,1591.630886,0.25,1.062,1.5,-0.438,16,4,0,48,1473.187305,0.0,0.0,3.333,-3.333,3,1,0,-23,118.443581,0.5193,0.25,2.895,0,3
2010,Group stage,Argentina,Nigeria,1,0,H,1,1876.118331,0.529,1.824,0.882,0.941,17,4,2,26,1586.688586,0.364,1.273,1.455,-0.182,11,3,0,-25,289.4297449999999,0.5418,0.165,1.123,2,1
2010,Group stage,England,USA,1,1,D,4,1827.048678,0.5,1.357,0.643,0.714,14,3,1,17,1671.2341,0.2,0.867,1.467,-0.6,15,4,0,-13,155.8145780000002,0.5223,0.3,1.314,1,-1
2010,Group stage,Algeria,Slovenia,0,1,A,28,1571.033293,0.0,0.0,0.0,0.0,0,0,0,59,1441.087158,0.0,0.667,2.333,-1.667,3,1,0,-31,129.9461349999999,0.5216,0.0,1.667,0,-1
2010,Group stage,Serbia,Ghana,0,1,A,43,1502.133186,0.0,0.667,3.333,-2.667,3,1,0,73,1346.881205,0.5,1.0,1.5,-0.5,4,1,0,-30,155.25198100000011,0.5272,-0.5,-2.167,0,0
2010,Group stage,Germany,Australia,4,0,H,10,1735.771984,0.667,1.875,0.917,0.958,24,4,0,27,1579.34264,0.25,1.25,1.5,-0.25,4,1,0,-17,156.4293439999999,0.5236,0.417,1.208,0,3
2010,Group stage,Netherlands,Denmark,2,0,H,8,1751.097835,0.5,1.5,0.938,0.562,16,3,0,21,1619.474248,0.444,1.556,1.333,0.222,9,2,0,-13,131.62358700000004,0.5195,0.056,0.34,0,1
2010,Group stage,Japan,Cameroon,1,0,H,18,1661.576187,0.2,0.8,1.4,-0.6,10,3,0,44,1481.235245,0.111,0.778,2.111,-1.333,9,3,0,-26,180.3409419999998,0.5287,0.089,0.733,0,0
2010,Group stage,Italy,Paraguay,1,1,D,12,1704.733836,0.565,1.435,0.652,0.783,23,4,4,40,1505.349689,0.273,1.0,1.0,0.0,11,3,0,-28,199.3841470000002,0.5311,0.292,0.783,4,1
2010,Group stage,New Zealand,Slovakia,1,1,D,85,1275.581062,0.0,0.0,0.0,0.0,0,0,0,47,1473.660727,0.0,0.0,0.0,0.0,0,0,0,38,-198.079665,0.464,0.0,0.0,0,0
2010,Group stage,Côte d'Ivoire,Portugal,0,0,D,33,1540.869533,0.333,1.667,2.0,-0.333,3,1,0,5,1766.177547,0.5,1.3,0.9,0.4,10,2,0,28,-225.308014,0.4659,-0.167,-0.733,0,-1
2010,Group stage,Brazil,Korea DPR,2,1,H,6,1765.856297,0.769,2.038,0.731,1.308,26,4,5,120,1151.052136,0.0,0.0,0.0,0.0,0,0,0,-114,614.804161,0.6054,0.769,1.308,5,4
2010,Group stage,Honduras,Chile,0,1,A,65,1378.970301,0.0,0.0,0.0,0.0,0,0,0,55,1452.939983,0.0,1.25,2.0,-0.75,4,1,0,10,-73.96968199999992,0.4869,0.0,0.75,0,-1
2010,Group stage,Spain,Switzerland,0,1,A,2,1873.013187,0.529,2.176,1.118,1.059,17,4,0,19,1650.064179,0.375,1.125,0.875,0.25,8,2,0,-17,222.94900800000005,0.5316,0.154,0.809,0,2
2010,Group stage,South Africa,Uruguay,0,3,A,60,1428.379282,0.143,1.286,1.714,-0.429,7,3,0,16,1673.068603,0.0,1.0,1.25,-0.25,4,2,2,44,-244.68932099999984,0.4606,0.143,-0.179,-2,1
2010,Group stage,Argentina,Korea Republic,4,1,H,1,1876.118331,0.556,1.778,0.833,0.944,18,5,2,25,1591.630886,0.294,1.118,1.412,-0.294,17,5,0,-24,284.487445,0.541,0.262,1.238,2,0
2010,Group stage,Greece,Nigeria,2,1,H,48,1473.187305,0.0,0.0,3.0,-3.0,4,2,0,26,1586.688586,0.333,1.167,1.417,-0.25,12,4,0,22,-113.50128100000006,0.4815,-0.333,-2.75,0,-2
2010,Group stage,France,Mexico,0,2,A,3,1869.428449,0.556,1.333,0.444,0.889,18,4,1,14,1687.481759,0.294,1.294,1.235,0.059,17,5,0,-11,181.94669,0.5256,0.262,0.83,1,-1
2010,Group stage,Germany,Serbia,0,1,A,10,1735.771984,0.68,1.96,0.88,1.08,25,5,0,43,1502.133186,0.0,0.5,2.75,-2.25,4,2,0,-33,233.63879799999995,0.5361,0.68,3.33,0,3
2010,Group stage,Slovenia,USA,2,2,D,59,1441.087158,0.25,0.75,1.75,-1.0,4,2,0,17,1671.2341,0.188,0.875,1.438,-0.562,16,5,0,42,-230.14694199999985,0.463,0.062,-0.438,0,-3
2010,Group stage,England,Algeria,0,0,D,4,1827.048678,0.467,1.333,0.667,0.667,15,4,1,28,1571.033293,0.0,0.0,1.0,-1.0,1,1,0,-24,256.0153850000001,0.5377,0.467,1.667,1,3
2010,Group stage,Netherlands,Japan,1,0,H,8,1751.097835,0.529,1.529,0.882,0.647,17,4,0,18,1661.576187,0.273,0.818,1.273,-0.455,11,4,0,-10,89.52164800000014,0.5131,0.256,1.102,0,0
2010,Group stage,Ghana,Australia,1,1,D,73,1346.881205,0.6,1.0,1.2,-0.2,5,2,0,27,1579.34264,0.2,1.0,2.0,-1.0,5,2,0,46,-232.46143500000017,0.4603,0.4,0.8,0,0
2010,Group stage,Cameroon,Denmark,1,2,A,44,1481.235245,0.1,0.7,2.0,-1.3,10,4,0,21,1619.474248,0.4,1.4,1.4,0.0,10,3,0,23,-138.2390029999999,0.4777,-0.3,-1.3,0,1
2010,Group stage,Slovakia,Paraguay,0,2,A,47,1473.660727,0.0,1.0,1.0,0.0,1,1,0,40,1505.349689,0.25,1.0,1.0,0.0,12,4,0,7,-31.688961999999947,0.4947,-0.25,0.0,0,-3
2010,Group stage,Italy,New Zealand,1,1,D,12,1704.733836,0.542,1.417,0.667,0.75,24,5,4,85,1275.581062,0.0,1.0,1.0,0.0,1,1,0,-73,429.15277400000014,0.572,0.542,0.75,4,4
2010,Group stage,Brazil,Côte d'Ivoire,3,1,H,6,1765.856297,0.778,2.037,0.741,1.296,27,5,5,33,1540.869533,0.25,1.25,1.5,-0.25,4,2,0,-27,224.986764,0.534,0.528,1.546,5,3
2010,Group stage,Portugal,Korea DPR,7,0,H,5,1766.177547,0.455,1.182,0.818,0.364,11,3,0,120,1151.052136,0.0,1.0,2.0,-1.0,1,1,0,-115,615.125411,0.6054,0.455,1.364,0,2
2010,Group stage,Chile,Switzerland,1,0,H,55,1452.939983,0.2,1.2,1.6,-0.4,5,2,0,19,1650.064179,0.444,1.111,0.778,0.333,9,3,0,36,-197.124196,0.4682,-0.244,-0.733,0,-1
2010,Group stage,Spain,Honduras,2,0,H,2,1873.013187,0.5,2.056,1.111,0.944,18,5,0,65,1378.970301,0.0,0.0,1.0,-1.0,1,1,0,-63,494.042886,0.576,0.5,1.944,0,4
2010,Group stage,Mexico,Uruguay,0,1,A,14,1687.481759,0.333,1.333,1.167,0.167,18,5,0,16,1673.068603,0.2,1.4,1.0,0.4,5,2,2,-2,14.413156000000072,0.5021,0.133,-0.233,-2,3
2010,Group stage,South Africa,France,2,1,H,60,1428.379282,0.125,1.125,1.875,-0.75,8,3,0,3,1869.428449,0.526,1.263,0.526,0.737,19,4,1,57,-441.0491669999999,0.4331,-0.401,-1.487,-1,-1
2010,Group stage,Nigeria,Korea Republic,2,2,D,26,1586.688586,0.308,1.154,1.462,-0.308,13,4,0,25,1591.630886,0.278,1.111,1.556,-0.444,18,5,0,1,-4.942299999999932,0.4992,0.03,0.136,0,-1
2010,Group stage,Greece,Argentina,0,2,A,48,1473.187305,0.2,0.4,2.6,-2.2,5,2,0,1,1876.118331,0.579,1.895,0.842,1.053,19,5,2,47,-402.931026,0.4398,-0.379,-3.253,-2,-3
2010,Group stage,Slovenia,England,0,1,A,59,1441.087158,0.2,1.0,1.8,-0.8,5,2,0,4,1827.048678,0.438,1.25,0.625,0.625,16,4,1,55,-385.96152000000006,0.441,-0.238,-1.425,-1,-2
2010,Group stage,USA,Algeria,1,0,H,17,1671.2341,0.176,0.941,1.471,-0.529,17,5,0,28,1571.033293,0.0,0.0,0.5,-0.5,2,1,0,-11,100.20080699999994,0.5155,0.176,-0.029,0,4
2010,Group stage,Ghana,Germany,0,1,A,73,1346.881205,0.5,1.0,1.167,-0.167,6,2,0,10,1735.771984,0.654,1.885,0.885,1.0,26,5,0,63,-388.89077900000007,0.4369,-0.154,-1.167,0,-3
2010,Group stage,Australia,Serbia,2,1,H,27,1579.34264,0.167,1.0,1.833,-0.833,6,2,0,43,1502.133186,0.2,0.6,2.2,-1.6,5,2,0,-16,77.20945400000005,0.5125,-0.033,0.767,0,0
2010,Group stage,Slovakia,Italy,3,2,H,47,1473.660727,0.0,0.5,1.5,-1.0,2,1,0,12,1704.733836,0.52,1.4,0.68,0.72,25,5,4,35,-231.07310900000016,0.4636,-0.52,-1.72,-4,-4
2010,Group stage,Paraguay,New Zealand,0,0,D,40,1505.349689,0.308,1.077,0.923,0.154,13,4,0,85,1275.581062,0.0,1.0,1.0,0.0,2,1,0,-45,229.76862699999992,0.5413,0.308,0.154,0,3
2010,Group stage,Denmark,Japan,1,3,A,21,1619.474248,0.455,1.455,1.364,0.091,11,3,0,18,1661.576187,0.25,0.75,1.25,-0.5,12,4,0,3,-42.1019389999999,0.4936,0.205,0.591,0,-1
2010,Group stage,Cameroon,Netherlands,1,2,A,44,1481.235245,0.091,0.727,2.0,-1.273,11,4,0,8,1751.097835,0.556,1.5,0.833,0.667,18,4,0,36,-269.86258999999995,0.4583,-0.465,-1.94,0,0
2010,Group stage,Portugal,Brazil,0,0,D,5,1766.177547,0.5,1.667,0.75,0.917,12,3,0,6,1765.856297,0.786,2.071,0.75,1.321,28,5,5,-1,0.3212499999999636,0.5,-0.286,-0.404,-5,-2
2010,Group stage,Korea DPR,Côte d'Ivoire,0,3,A,120,1151.052136,0.0,0.5,4.5,-4.0,2,1,0,33,1540.869533,0.2,1.2,1.8,-0.6,5,2,0,87,-389.817397,0.4276,-0.2,-3.4,0,-1
2010,Group stage,Chile,Spain,1,2,A,55,1452.939983,0.333,1.167,1.333,-0.167,6,2,0,2,1873.013187,0.526,2.053,1.053,1.0,19,5,0,53,-420.073204,0.4368,-0.193,-1.167,0,-3
2010,Group stage,Switzerland,Honduras,0,0,D,19,1650.064179,0.4,1.0,0.8,0.2,10,3,0,65,1378.970301,0.0,0.0,1.5,-1.5,2,1,0,-46,271.0938779999999,0.5447,0.4,1.7,0,2
2010,Round of 16,Uruguay,Korea Republic,2,1,H,16,1673.068603,0.333,1.333,0.833,0.5,6,2,2,25,1591.630886,0.263,1.158,1.579,-0.421,19,5,0,-9,81.43771700000002,0.5125,0.07,0.921,2,-3
2010,Round of 16,USA,Ghana,1,2,A,17,1671.2341,0.222,0.944,1.389,-0.444,18,5,0,73,1346.881205,0.429,0.857,1.143,-0.286,7,2,0,-56,324.352895,0.5537,-0.207,-0.158,0,3
2010,Round of 16,Germany,England,4,1,H,10,1735.771984,0.667,1.852,0.852,1.0,27,5,0,4,1827.048678,0.471,1.235,0.588,0.647,17,4,1,6,-91.27669400000012,0.4872,0.196,0.353,-1,1
2010,Round of 16,Argentina,Mexico,3,1,H,1,1876.118331,0.6,1.9,0.8,1.1,20,5,2,14,1687.481759,0.316,1.263,1.158,0.105,19,5,0,-13,188.6365719999999,0.5265,0.284,0.995,2,0
2010,Round of 16,Netherlands,Slovakia,2,1,H,8,1751.097835,0.579,1.526,0.842,0.684,19,4,0,47,1473.660727,0.333,1.333,1.667,-0.333,3,1,0,-39,277.4371080000001,0.543,0.246,1.017,0,3
2010,Round of 16,Brazil,Chile,3,0,H,6,1765.856297,0.759,2.0,0.724,1.276,29,5,5,55,1452.939983,0.286,1.143,1.429,-0.286,7,2,0,-49,312.91631400000006,0.5486,0.473,1.562,5,3
2010,Round of 16,Paraguay,Japan,0,0,D,40,1505.349689,0.286,1.0,0.857,0.143,14,4,0,18,1661.576187,0.308,0.923,1.231,-0.308,13,4,0,22,-156.226498,0.4753,-0.022,0.451,0,0
2010,Round of 16,Spain,Portugal,1,0,H,2,1873.013187,0.55,2.05,1.05,1.0,20,5,0,5,1766.177547,0.462,1.538,0.692,0.846,13,3,0,-3,106.83564,0.5147,0.088,0.154,0,2
2010,Quarter-finals,Netherlands,Brazil,2,1,H,8,1751.097835,0.6,1.55,0.85,0.7,20,4,0,6,1765.856297,0.767,2.033,0.7,1.333,30,5,5,2,-14.758462000000009,0.4979,-0.167,-0.633,-5,-1
2010,Quarter-finals,Uruguay,Ghana,1,1,D,16,1673.068603,0.429,1.429,0.857,0.571,7,2,2,73,1346.881205,0.5,1.0,1.125,-0.125,8,2,0,-57,326.18739800000003,0.554,-0.071,0.696,2,0
2010,Quarter-finals,Argentina,Germany,0,4,A,1,1876.118331,0.619,1.952,0.81,1.143,21,5,2,10,1735.771984,0.679,1.929,0.857,1.071,28,5,0,-9,140.34634699999992,0.5194,-0.06,0.072,2,0
2010,Quarter-finals,Paraguay,Spain,0,1,A,40,1505.349689,0.267,0.933,0.8,0.133,15,4,0,2,1873.013187,0.571,2.0,1.0,1.0,21,5,0,38,-367.6634980000001,0.4456,-0.304,-0.867,0,-1
2010,Semi-finals,Uruguay,Netherlands,2,3,A,16,1673.068603,0.375,1.375,0.875,0.5,8,2,2,8,1751.097835,0.619,1.571,0.857,0.714,21,4,0,8,-78.02923200000009,0.4886,-0.244,-0.214,2,-2
2010,Semi-finals,Germany,Spain,0,1,A,10,1735.771984,0.69,2.0,0.828,1.172,29,5,0,2,1873.013187,0.591,1.955,0.955,1.0,22,5,0,8,-137.24120300000004,0.481,0.099,0.172,0,0
2010,Third place,Uruguay,Germany,2,3,A,16,1673.068603,0.333,1.444,1.111,0.333,9,2,2,10,1735.771984,0.667,1.933,0.833,1.1,30,5,0,6,-62.70338100000004,0.4908,-0.334,-0.767,2,-3
2010,Final,Netherlands,Spain,0,1,A,8,1751.097835,0.636,1.636,0.909,0.727,22,4,0,2,1873.013187,0.609,1.913,0.913,1.0,23,5,0,6,-121.91535199999998,0.4832,0.027,-0.273,0,-1
2014,Group stage,Brazil,Croatia,3,1,H,6,1765.856297,0.742,2.0,0.742,1.258,31,5,5,11,1714.865572,0.462,1.154,0.846,0.308,13,3,0,-5,50.99072500000011,0.5073,0.28,0.95,5,2
2014,Group stage,Mexico,Cameroon,1,0,H,14,1687.481759,0.3,1.25,1.25,0.0,20,5,0,44,1481.235245,0.083,0.75,2.0,-1.25,12,4,0,-30,206.24651399999996,0.5325,0.217,1.25,0,1
2014,Group stage,Spain,Netherlands,1,5,A,2,1873.013187,0.625,1.875,0.875,1.0,24,5,1,8,1751.097835,0.609,1.565,0.913,0.652,23,4,0,-6,121.91535199999998,0.5168,0.016,0.348,1,1
2014,Group stage,Chile,Australia,3,1,H,55,1452.939983,0.25,1.0,1.625,-0.625,8,2,0,27,1579.34264,0.286,1.143,1.714,-0.571,7,2,0,28,-126.40265700000008,0.4792,-0.036,-0.054,0,0
2014,Group stage,Colombia,Greece,3,0,H,13,1698.351858,0.333,0.833,1.333,-0.5,6,2,0,48,1473.187305,0.167,0.333,2.5,-2.167,6,2,0,-35,225.16455300000007,0.5355,0.166,1.667,0,0
2014,Group stage,Uruguay,Costa Rica,1,3,A,16,1673.068603,0.3,1.5,1.3,0.2,10,2,2,52,1457.00228,0.167,1.333,2.5,-1.167,6,2,0,-36,216.066323,0.5345,0.133,1.367,2,0
2014,Group stage,England,Italy,1,2,A,4,1827.048678,0.444,1.222,0.778,0.444,18,4,1,12,1704.733836,0.5,1.423,0.769,0.654,26,5,4,-8,122.314842,0.5173,-0.056,-0.21,-3,-1
2014,Group stage,Côte d'Ivoire,Japan,2,1,H,33,1540.869533,0.333,1.5,1.5,0.0,6,2,0,18,1661.576187,0.286,0.857,1.143,-0.286,14,4,0,15,-120.70665399999984,0.4812,0.047,0.286,0,-2
2014,Group stage,Switzerland,Ecuador,2,1,H,19,1650.064179,0.364,0.909,0.727,0.182,11,3,0,23,1598.51582,0.429,1.0,1.143,-0.143,7,2,0,-4,51.54835899999989,0.5079,-0.065,0.325,0,1
2014,Group stage,France,Honduras,3,0,H,3,1869.428449,0.5,1.25,0.6,0.65,20,4,1,65,1378.970301,0.0,0.0,1.0,-1.0,3,1,0,-62,490.458148,0.5755,0.5,1.65,1,3
2014,Group stage,Argentina,Bosnia and Herzegovina,2,1,H,1,1876.118331,0.591,1.864,0.955,0.909,22,5,2,64,1387.215771,0.0,0.0,0.0,0.0,0,0,0,-63,488.90256,0.5749,0.591,0.909,2,5
2014,Group stage,Germany,Portugal,4,0,H,10,1735.771984,0.677,1.968,0.871,1.097,31,5,0,5,1766.177547,0.429,1.429,0.714,0.714,14,3,0,5,-30.40556300000003,0.4957,0.248,0.383,0,2
2014,Group stage,IR Iran,Nigeria,0,0,D,20,1619.58163,0.167,0.667,1.667,-1.0,6,2,0,26,1586.688586,0.286,1.214,1.5,-0.286,14,4,0,-6,32.89304399999992,0.5051,-0.119,-0.714,0,-2
2014,Group stage,Ghana,USA,1,2,A,73,1346.881205,0.444,1.0,1.111,-0.111,9,2,0,17,1671.2341,0.211,0.947,1.421,-0.474,19,5,0,56,-324.352895,0.4463,0.233,0.363,0,-3
2014,Group stage,Belgium,Algeria,2,1,H,9,1742.235945,0.273,1.182,1.273,-0.091,11,3,0,28,1571.033293,0.0,0.0,0.667,-0.667,3,1,0,-19,171.20265199999994,0.5258,0.273,0.576,0,2
2014,Group stage,Brazil,Mexico,0,0,D,6,1765.856297,0.75,2.031,0.75,1.281,32,6,5,14,1687.481759,0.333,1.238,1.19,0.048,21,6,0,-8,78.37453800000003,0.5113,0.417,1.233,5,0
2014,Group stage,Russia,Korea Republic,1,1,D,35,1527.237131,0.333,1.833,1.667,0.167,6,2,0,25,1591.630886,0.25,1.15,1.6,-0.45,20,5,0,10,-64.39375499999983,0.4897,0.083,0.617,0,-3
2014,Group stage,Australia,Netherlands,2,3,A,27,1579.34264,0.25,1.125,1.875,-0.75,8,3,0,8,1751.097835,0.625,1.708,0.917,0.792,24,5,0,19,-171.75519499999996,0.4742,-0.375,-1.542,0,-2
2014,Group stage,Spain,Chile,0,2,A,2,1873.013187,0.6,1.84,1.04,0.8,25,6,1,55,1452.939983,0.333,1.222,1.556,-0.333,9,3,0,-53,420.073204,0.5632,0.267,1.133,1,3
2014,Group stage,Cameroon,Croatia,0,4,A,44,1481.235245,0.077,0.692,1.923,-1.231,13,5,0,11,1714.865572,0.429,1.143,1.0,0.143,14,4,0,33,-233.63032699999985,0.4635,-0.352,-1.374,0,1
2014,Group stage,Colombia,Côte d'Ivoire,2,1,H,13,1698.351858,0.429,1.143,1.143,0.0,7,3,0,33,1540.869533,0.429,1.571,1.429,0.143,7,3,0,-20,157.48232499999995,0.5243,0.0,-0.143,0,0
2014,Group stage,Uruguay,England,2,1,H,16,1673.068603,0.273,1.455,1.455,0.0,11,3,2,4,1827.048678,0.421,1.211,0.842,0.368,19,5,1,12,-153.98007500000017,0.478,-0.148,-0.368,1,-2
2014,Group stage,Japan,Greece,0,0,D,18,1661.576187,0.267,0.867,1.2,-0.333,15,5,0,48,1473.187305,0.143,0.286,2.571,-2.286,7,3,0,-30,188.388882,0.53,0.124,1.953,0,2
2014,Group stage,Italy,Costa Rica,0,1,A,12,1704.733836,0.519,1.444,0.778,0.667,27,6,4,52,1457.00228,0.286,1.571,2.286,-0.714,7,3,0,-40,247.73155600000015,0.5392,0.233,1.381,4,3
2014,Group stage,Switzerland,France,2,5,A,19,1650.064179,0.417,1.0,0.75,0.25,12,4,0,3,1869.428449,0.524,1.333,0.571,0.762,21,5,1,16,-219.36427000000003,0.4688,-0.107,-0.512,-1,-1
2014,Group stage,Honduras,Ecuador,1,2,A,65,1378.970301,0.0,0.0,1.5,-1.5,4,2,0,23,1598.51582,0.375,1.0,1.25,-0.25,8,3,0,42,-219.545519,0.4631,-0.375,-1.25,0,-1
2014,Group stage,Argentina,IR Iran,1,0,H,1,1876.118331,0.609,1.87,0.957,0.913,23,6,2,20,1619.58163,0.143,0.571,1.429,-0.857,7,3,0,-19,256.536701,0.5367,0.466,1.77,2,3
2014,Group stage,Germany,Ghana,2,2,D,10,1735.771984,0.688,2.031,0.844,1.188,32,6,0,73,1346.881205,0.4,1.0,1.2,-0.2,10,3,0,-63,388.89077900000007,0.5631,0.288,1.388,0,3
2014,Group stage,Nigeria,Bosnia and Herzegovina,1,0,H,26,1586.688586,0.267,1.133,1.4,-0.267,15,5,0,64,1387.215771,0.0,1.0,2.0,-1.0,1,1,0,-38,199.47281500000008,0.5335,0.267,0.733,0,4
2014,Group stage,Belgium,Russia,1,0,H,9,1742.235945,0.333,1.25,1.25,0.0,12,4,0,35,1527.237131,0.286,1.714,1.571,0.143,7,3,0,-26,214.9988139999998,0.5329,0.047,-0.143,0,1
2014,Group stage,Korea Republic,Algeria,2,4,A,25,1591.630886,0.238,1.143,1.571,-0.429,21,6,0,28,1571.033293,0.0,0.25,1.0,-0.75,4,2,0,-3,20.59759299999996,0.5033,0.238,0.321,0,4
2014,Group stage,USA,Portugal,2,2,D,17,1671.2341,0.25,1.0,1.4,-0.4,20,6,0,5,1766.177547,0.4,1.333,0.933,0.4,15,4,0,12,-94.9434470000001,0.4862,-0.15,-0.8,0,2
2014,Group stage,Australia,Spain,0,3,A,27,1579.34264,0.222,1.222,2.0,-0.778,9,3,0,2,1873.013187,0.577,1.769,1.077,0.692,26,6,1,25,-293.67054699999994,0.4575,-0.355,-1.47,-1,-3
2014,Group stage,Netherlands,Chile,2,0,H,8,1751.097835,0.64,1.76,0.96,0.8,25,5,0,55,1452.939983,0.4,1.3,1.4,-0.1,10,3,0,-47,298.15785200000005,0.5465,0.24,0.9,0,2
2014,Group stage,Brazil,Cameroon,4,1,H,6,1765.856297,0.727,1.97,0.727,1.242,33,6,5,44,1481.235245,0.071,0.643,2.071,-1.429,14,5,0,-38,284.621052,0.5438,0.656,2.671,5,1
2014,Group stage,Croatia,Mexico,1,3,A,11,1714.865572,0.467,1.333,0.933,0.4,15,4,0,14,1687.481759,0.318,1.182,1.136,0.045,22,6,0,-3,27.38381299999992,0.504,0.149,0.355,0,-2
2014,Group stage,Italy,Uruguay,0,1,A,12,1704.733836,0.5,1.393,0.786,0.607,28,6,4,16,1673.068603,0.333,1.5,1.417,0.083,12,3,2,-4,31.66523300000017,0.5047,0.167,0.524,2,3
2014,Group stage,Costa Rica,England,0,0,D,52,1457.00228,0.375,1.5,2.0,-0.5,8,3,0,4,1827.048678,0.4,1.2,0.9,0.3,20,5,1,48,-370.0463980000002,0.4437,-0.025,-0.8,-1,-2
2014,Group stage,Japan,Colombia,1,4,A,18,1661.576187,0.25,0.812,1.125,-0.312,16,5,0,13,1698.351858,0.5,1.25,1.125,0.125,8,3,0,5,-36.7756710000001,0.4945,-0.25,-0.437,0,2
2014,Group stage,Greece,Côte d'Ivoire,2,1,H,48,1473.187305,0.125,0.25,2.25,-2.0,8,3,0,33,1540.869533,0.375,1.5,1.5,0.0,8,3,0,15,-67.68222800000012,0.4888,-0.25,-2.0,0,0
2014,Group stage,Nigeria,Argentina,2,3,A,26,1586.688586,0.312,1.125,1.312,-0.188,16,5,0,1,1876.118331,0.625,1.833,0.917,0.917,24,6,2,25,-289.4297449999999,0.4582,-0.313,-1.105,-2,-1
2014,Group stage,Bosnia and Herzegovina,IR Iran,3,1,H,64,1387.215771,0.0,0.5,1.5,-1.0,2,1,0,20,1619.58163,0.125,0.5,1.375,-0.875,8,3,0,44,-232.365859,0.4614,-0.125,-0.125,0,-2
2014,Group stage,Honduras,Switzerland,0,3,A,65,1378.970301,0.0,0.2,1.6,-1.4,5,2,0,19,1650.064179,0.385,1.077,1.077,0.0,13,4,0,46,-271.0938779999999,0.4553,-0.385,-1.4,0,-2
2014,Group stage,Ecuador,France,0,0,D,23,1598.51582,0.444,1.111,1.222,-0.111,9,3,0,3,1869.428449,0.545,1.5,0.636,0.864,22,5,1,20,-270.9126289999999,0.4609,-0.101,-0.975,-1,-2
2014,Group stage,USA,Germany,0,1,A,17,1671.2341,0.238,1.048,1.429,-0.381,21,6,0,10,1735.771984,0.667,2.03,0.879,1.152,33,6,0,7,-64.53788400000008,0.4905,-0.429,-1.533,0,0
2014,Group stage,Portugal,Ghana,2,1,H,5,1766.177547,0.375,1.375,1.0,0.375,16,4,0,73,1346.881205,0.364,1.091,1.273,-0.182,11,3,0,-68,419.2963420000001,0.5673,0.011,0.557,0,1
2014,Group stage,Korea Republic,Belgium,0,1,A,25,1591.630886,0.227,1.182,1.682,-0.5,22,6,0,9,1742.235945,0.385,1.231,1.154,0.077,13,4,0,16,-150.60505899999998,0.4774,-0.158,-0.577,0,2
2014,Group stage,Algeria,Russia,1,1,D,28,1571.033293,0.2,1.0,1.2,-0.2,5,2,0,35,1527.237131,0.25,1.5,1.5,0.0,8,3,0,-7,43.79616199999987,0.5071,-0.05,-0.2,0,-1
2014,Round of 16,Brazil,Chile,1,1,D,6,1765.856297,0.735,2.029,0.735,1.294,34,6,5,55,1452.939983,0.364,1.182,1.455,-0.273,11,3,0,-49,312.91631400000006,0.5486,0.371,1.567,5,3
2014,Round of 16,Colombia,Uruguay,2,0,H,13,1698.351858,0.556,1.556,1.111,0.444,9,3,0,16,1673.068603,0.385,1.462,1.308,0.154,13,3,2,-3,25.283255000000054,0.5037,0.171,0.29,-2,0
2014,Round of 16,Netherlands,Mexico,2,1,H,8,1751.097835,0.654,1.769,0.923,0.846,26,5,0,14,1687.481759,0.348,1.261,1.13,0.13,23,6,0,-6,63.61607600000002,0.5093,0.306,0.716,0,-1
2014,Round of 16,Costa Rica,Greece,1,1,D,52,1457.00228,0.333,1.333,1.778,-0.444,9,3,0,48,1473.187305,0.222,0.444,2.111,-1.667,9,3,0,4,-16.185024999999996,0.4972,0.111,1.223,0,0
2014,Round of 16,France,Nigeria,2,0,H,3,1869.428449,0.522,1.435,0.609,0.826,23,5,1,26,1586.688586,0.294,1.176,1.412,-0.235,17,5,0,-23,282.739863,0.5409,0.228,1.061,1,0
2014,Round of 16,Germany,Algeria,2,1,H,10,1735.771984,0.676,2.0,0.853,1.147,34,6,0,28,1571.033293,0.167,1.0,1.167,-0.167,6,2,0,-18,164.73869100000002,0.5249,0.509,1.314,0,4
2014,Round of 16,Argentina,Switzerland,1,0,H,1,1876.118331,0.64,1.88,0.96,0.92,25,6,2,19,1650.064179,0.429,1.214,1.0,0.214,14,4,0,-18,226.05415199999996,0.5321,0.211,0.706,2,2
2014,Round of 16,Belgium,USA,2,1,H,9,1742.235945,0.429,1.214,1.071,0.143,14,4,0,17,1671.2341,0.227,1.0,1.409,-0.409,22,6,0,-8,71.001845,0.5104,0.202,0.552,0,-2
2014,Quarter-finals,France,Germany,0,1,A,3,1869.428449,0.542,1.458,0.583,0.875,24,5,1,10,1735.771984,0.686,2.0,0.857,1.143,35,6,0,-7,133.65646500000005,0.5185,-0.144,-0.268,1,-1
2014,Quarter-finals,Brazil,Colombia,2,1,H,6,1765.856297,0.714,2.0,0.743,1.257,35,6,5,13,1698.351858,0.6,1.6,1.0,0.6,10,3,0,-7,67.50443900000005,0.5097,0.114,0.657,5,3
2014,Quarter-finals,Argentina,Belgium,1,0,H,1,1876.118331,0.654,1.846,0.923,0.923,26,6,2,9,1742.235945,0.467,1.267,1.067,0.2,15,4,0,-8,133.882386,0.5185,0.187,0.723,2,2
2014,Quarter-finals,Netherlands,Costa Rica,0,0,D,8,1751.097835,0.667,1.778,0.926,0.852,27,5,0,52,1457.00228,0.3,1.3,1.7,-0.4,10,3,0,-44,294.0955550000001,0.5458,0.367,1.252,0,2
2014,Semi-finals,Brazil,Germany,1,7,A,6,1765.856297,0.722,2.0,0.75,1.25,36,6,5,10,1735.771984,0.694,1.972,0.833,1.139,36,6,0,-4,30.084313000000066,0.5043,0.028,0.111,5,0
2014,Semi-finals,Netherlands,Argentina,0,0,D,8,1751.097835,0.643,1.714,0.893,0.821,28,5,0,1,1876.118331,0.667,1.815,0.889,0.926,27,6,2,7,-125.02049599999988,0.4828,-0.024,-0.105,-2,-1
2014,Third place,Brazil,Netherlands,0,3,A,6,1765.856297,0.703,1.973,0.919,1.054,37,6,5,8,1751.097835,0.621,1.655,0.862,0.793,29,5,0,-2,14.758462000000009,0.5021,0.082,0.261,5,1
2014,Final,Germany,Argentina,1,0,H,10,1735.771984,0.703,2.108,0.838,1.27,37,6,0,1,1876.118331,0.643,1.75,0.857,0.893,28,6,2,9,-140.34634699999992,0.4806,0.06,0.377,-2,0
2018,Group stage,Russia,Saudi Arabia,5,0,H,35,1527.237131,0.222,1.444,1.444,0.0,9,3,0,61,1421.538339,0.154,0.692,2.462,-1.769,13,4,0,-26,105.69879200000014,0.5179,0.068,1.769,0,-1
2018,Group stage,Egypt,Uruguay,0,1,A,29,1562.367246,0.0,0.0,0.0,0.0,0,0,0,16,1673.068603,0.357,1.357,1.357,0.0,14,3,2,13,-110.70135699999992,0.4829,-0.357,0.0,-2,-3
2018,Group stage,Morocco,IR Iran,0,1,A,7,1755.100232,0.167,1.167,1.667,-0.5,6,2,0,20,1619.58163,0.111,0.556,1.556,-1.0,9,3,0,-13,135.5186020000001,0.5201,0.056,0.5,0,-1
2018,Group stage,Portugal,Spain,3,3,D,5,1766.177547,0.412,1.412,1.0,0.412,17,4,0,2,1873.013187,0.593,1.815,1.037,0.778,27,6,1,3,-106.83564,0.4853,-0.181,-0.366,-1,-2
2018,Group stage,France,Australia,2,1,H,3,1869.428449,0.52,1.4,0.6,0.8,25,5,1,27,1579.34264,0.2,1.1,2.1,-1.0,10,3,0,-24,290.0858089999999,0.5421,0.32,1.8,1,2
2018,Group stage,Argentina,Iceland,1,1,D,1,1876.118331,0.621,1.69,0.862,0.828,29,6,2,74,1343.920201,0.0,0.0,0.0,0.0,0,0,0,-73,532.19813,0.5826,0.621,0.828,2,6
2018,Group stage,Peru,Denmark,0,1,A,51,1459.390555,0.0,0.0,0.0,0.0,0,0,0,21,1619.474248,0.417,1.417,1.5,-0.083,12,3,0,30,-160.08369300000004,0.474,-0.417,0.083,0,-3
2018,Group stage,Croatia,Nigeria,2,0,H,11,1714.865572,0.438,1.312,1.062,0.25,16,4,0,26,1586.688586,0.278,1.111,1.444,-0.333,18,5,0,-15,128.17698599999994,0.5194,0.16,0.583,0,-1
2018,Group stage,Costa Rica,Serbia,0,1,A,52,1457.00228,0.273,1.182,1.545,-0.364,11,3,0,43,1502.133186,0.167,0.667,2.167,-1.5,6,2,0,9,-45.130906000000095,0.4924,0.106,1.136,0,1
2018,Group stage,Germany,Mexico,0,1,A,10,1735.771984,0.711,2.079,0.816,1.263,38,6,1,14,1687.481759,0.333,1.25,1.167,0.083,24,6,0,-4,48.29022499999997,0.5071,0.378,1.18,1,0
2018,Group stage,Brazil,Switzerland,1,1,D,6,1765.856297,0.684,1.921,0.974,0.947,38,6,5,19,1650.064179,0.4,1.133,1.0,0.133,15,4,0,-13,115.79211800000007,0.5169,0.284,0.814,5,2
2018,Group stage,Sweden,Korea Republic,1,0,H,38,1509.785392,0.333,1.533,1.133,0.4,15,3,0,25,1591.630886,0.217,1.13,1.652,-0.522,23,6,0,13,-81.84549399999992,0.4868,0.116,0.922,0,-3
2018,Group stage,Belgium,Panama,3,0,H,9,1742.235945,0.438,1.188,1.062,0.125,16,4,0,34,1539.155509,0.0,0.0,0.0,0.0,0,0,0,-25,203.080436,0.5309,0.438,0.125,0,4
2018,Group stage,Tunisia,England,1,2,A,46,1476.405088,0.0,0.556,1.667,-1.111,9,3,0,4,1827.048678,0.381,1.143,0.857,0.286,21,5,1,42,-350.64359000000013,0.4469,-0.381,-1.397,-1,-2
2018,Group stage,Colombia,Japan,1,2,A,13,1698.351858,0.545,1.545,1.091,0.455,11,3,0,18,1661.576187,0.235,0.824,1.294,-0.471,17,5,0,-5,36.7756710000001,0.5055,0.31,0.926,0,-2
2018,Group stage,Poland,Senegal,1,2,A,36,1526.183359,0.333,0.833,1.833,-1.0,6,2,0,15,1686.412769,0.4,1.4,1.2,0.2,5,1,0,21,-160.22940999999992,0.4751,-0.067,-1.2,0,1
2018,Group stage,Russia,Egypt,3,1,H,35,1527.237131,0.3,1.8,1.3,0.5,10,4,0,29,1562.367246,0.0,0.0,1.0,-1.0,1,1,0,6,-35.13011499999993,0.4943,0.3,1.5,0,3
2018,Group stage,Portugal,Morocco,1,0,H,5,1766.177547,0.389,1.5,1.111,0.389,18,5,0,7,1755.100232,0.143,1.0,1.571,-0.571,7,3,0,-2,11.077315,0.5016,0.246,0.96,0,2
2018,Group stage,Uruguay,Saudi Arabia,1,0,H,16,1673.068603,0.4,1.333,1.267,0.067,15,4,2,61,1421.538339,0.143,0.643,2.643,-2.0,14,5,0,-45,251.530264,0.5406,0.257,2.067,2,-1
2018,Group stage,IR Iran,Spain,0,1,A,20,1619.58163,0.2,0.6,1.4,-0.8,10,4,0,2,1873.013187,0.571,1.857,1.107,0.75,28,7,1,18,-253.4315570000001,0.4637,-0.371,-1.55,-1,-3
2018,Group stage,Denmark,Australia,1,1,D,21,1619.474248,0.462,1.385,1.385,0.0,13,4,0,27,1579.34264,0.182,1.091,2.091,-1.0,11,4,0,-6,40.13160799999992,0.5063,0.28,1.0,0,0
2018,Group stage,France,Peru,1,0,H,3,1869.428449,0.538,1.423,0.615,0.808,26,6,1,51,1459.390555,0.0,0.0,1.0,-1.0,1,1,0,-48,410.0378940000001,0.5616,0.538,1.808,1,5
2018,Group stage,Argentina,Croatia,0,3,A,1,1876.118331,0.6,1.667,0.867,0.8,30,7,2,11,1714.865572,0.471,1.353,1.0,0.353,17,5,0,-10,161.25275899999997,0.5225,0.129,0.447,2,2
2018,Group stage,Brazil,Costa Rica,2,0,H,6,1765.856297,0.667,1.897,0.974,0.923,39,7,5,52,1457.00228,0.25,1.083,1.5,-0.417,12,4,0,-46,308.8540170000001,0.5479,0.417,1.34,5,3
2018,Group stage,Nigeria,Iceland,2,0,H,26,1586.688586,0.263,1.053,1.474,-0.421,19,6,0,74,1343.920201,0.0,1.0,1.0,0.0,1,1,0,-48,242.76838500000008,0.5414,0.263,-0.421,0,5
2018,Group stage,Serbia,Switzerland,1,2,A,43,1502.133186,0.286,0.714,1.857,-1.143,7,3,0,19,1650.064179,0.375,1.125,1.0,0.125,16,5,0,24,-147.93099299999994,0.4765,-0.089,-1.268,0,-2
2018,Group stage,Belgium,Tunisia,5,2,H,9,1742.235945,0.471,1.294,1.0,0.294,17,5,0,46,1476.405088,0.0,0.6,1.7,-1.1,10,4,0,-37,265.8308569999999,0.5413,0.471,1.394,0,1
2018,Group stage,Korea Republic,Mexico,1,2,A,25,1591.630886,0.208,1.083,1.625,-0.542,24,7,0,14,1687.481759,0.36,1.24,1.12,0.12,25,7,0,11,-95.85087300000008,0.4854,-0.152,-0.662,0,0
2018,Group stage,Germany,Sweden,2,1,H,10,1735.771984,0.692,2.026,0.821,1.205,39,7,1,38,1509.785392,0.375,1.5,1.062,0.438,16,4,0,-28,225.986592,0.5348,0.317,0.767,1,3
2018,Group stage,England,Panama,6,1,H,4,1827.048678,0.409,1.182,0.864,0.318,22,6,1,34,1539.155509,0.0,0.0,3.0,-3.0,1,1,0,-30,287.89316900000017,0.5428,0.409,3.318,1,5
2018,Group stage,Japan,Senegal,2,2,D,18,1661.576187,0.278,0.889,1.278,-0.389,18,6,0,15,1686.412769,0.5,1.5,1.167,0.333,6,2,0,3,-24.83658200000013,0.4963,-0.222,-0.722,0,4
2018,Group stage,Poland,Colombia,0,3,A,36,1526.183359,0.286,0.857,1.857,-1.0,7,3,0,13,1698.351858,0.5,1.5,1.167,0.333,12,4,0,23,-172.16849899999988,0.4733,-0.214,-1.333,0,-1
2018,Group stage,Russia,Uruguay,0,3,A,35,1527.237131,0.364,1.909,1.273,0.636,11,4,0,16,1673.068603,0.438,1.312,1.188,0.125,16,4,2,19,-145.83147199999985,0.4772,-0.074,0.511,-2,0
2018,Group stage,Saudi Arabia,Egypt,2,1,H,61,1421.538339,0.133,0.6,2.533,-1.933,15,5,0,29,1562.367246,0.0,0.5,2.0,-1.5,2,1,0,32,-140.82890700000007,0.4764,0.133,-0.433,0,4
2018,Group stage,Spain,Morocco,2,2,D,2,1873.013187,0.586,1.828,1.069,0.759,29,7,1,7,1755.100232,0.125,0.875,1.5,-0.625,8,3,0,-5,117.912955,0.5162,0.461,1.384,1,4
2018,Group stage,IR Iran,Portugal,1,1,D,20,1619.58163,0.182,0.545,1.364,-0.818,11,4,0,5,1766.177547,0.421,1.474,1.053,0.421,19,5,0,15,-146.5959170000001,0.4784,-0.239,-1.239,0,-1
2018,Group stage,Australia,Peru,0,2,A,27,1579.34264,0.167,1.083,2.0,-0.917,12,4,0,51,1459.390555,0.0,0.0,1.0,-1.0,2,1,0,-24,119.95208500000012,0.5197,0.167,0.083,0,3
2018,Group stage,Denmark,France,0,0,D,21,1619.474248,0.429,1.357,1.357,0.0,14,4,0,3,1869.428449,0.556,1.407,0.593,0.815,27,6,1,18,-249.954201,0.4642,-0.127,-0.815,-1,-2
2018,Group stage,Nigeria,Argentina,1,2,A,26,1586.688586,0.3,1.1,1.4,-0.3,20,6,0,1,1876.118331,0.581,1.613,0.935,0.677,31,7,2,25,-289.4297449999999,0.4582,-0.281,-0.977,-2,-1
2018,Group stage,Iceland,Croatia,1,2,A,74,1343.920201,0.0,0.5,1.5,-1.0,2,1,0,11,1714.865572,0.5,1.444,0.944,0.5,18,5,0,63,-370.945371,0.4394,-0.5,-1.5,0,-4
2018,Group stage,Korea Republic,Germany,2,0,H,25,1591.630886,0.2,1.08,1.64,-0.56,25,7,0,10,1735.771984,0.7,2.025,0.825,1.2,40,7,1,15,-144.14109800000006,0.4783,-0.5,-1.76,-1,0
2018,Group stage,Mexico,Sweden,0,3,A,14,1687.481759,0.385,1.269,1.115,0.154,26,7,0,38,1509.785392,0.353,1.471,1.118,0.353,17,4,0,-24,177.696367,0.5278,0.032,-0.199,0,3
2018,Group stage,Serbia,Brazil,0,2,A,43,1502.133186,0.25,0.75,1.875,-1.125,8,3,0,6,1765.856297,0.675,1.9,0.95,0.95,40,7,5,37,-263.723111,0.4597,-0.425,-2.075,-5,-4
2018,Group stage,Switzerland,Costa Rica,2,2,D,19,1650.064179,0.412,1.176,1.0,0.176,17,5,0,52,1457.00228,0.231,1.0,1.538,-0.538,13,4,0,-33,193.06189900000004,0.5311,0.181,0.714,0,1
2018,Group stage,Japan,Poland,0,1,A,18,1661.576187,0.263,0.947,1.316,-0.368,19,6,0,36,1526.183359,0.25,0.75,2.0,-1.25,8,3,0,-18,135.39282799999978,0.5212,0.013,0.882,0,3
2018,Group stage,Senegal,Colombia,0,1,A,15,1686.412769,0.429,1.571,1.286,0.286,7,2,0,13,1698.351858,0.538,1.615,1.077,0.538,13,4,0,2,-11.939088999999967,0.4982,-0.109,-0.252,0,-2
2018,Group stage,Panama,Tunisia,1,2,A,34,1539.155509,0.0,0.5,4.5,-4.0,2,1,0,46,1476.405088,0.0,0.727,2.0,-1.273,11,4,0,-12,62.75042099999996,0.5104,0.0,-2.727,0,-3
2018,Group stage,England,Belgium,0,1,A,4,1827.048678,0.435,1.391,0.87,0.522,23,6,1,9,1742.235945,0.5,1.5,1.056,0.444,18,5,0,-5,84.81273300000021,0.5119,-0.065,0.078,1,1
2018,Round of 16,France,Argentina,4,3,H,3,1869.428449,0.536,1.357,0.571,0.786,28,6,1,1,1876.118331,0.594,1.625,0.938,0.688,32,7,2,2,-6.689881999999898,0.4991,-0.058,0.098,-1,-1
2018,Round of 16,Uruguay,Portugal,2,1,H,16,1673.068603,0.471,1.412,1.118,0.294,17,4,2,5,1766.177547,0.4,1.45,1.05,0.4,20,5,0,11,-93.10894400000006,0.4865,0.071,-0.106,2,-1
2018,Round of 16,Russia,Spain,1,1,D,35,1527.237131,0.333,1.75,1.417,0.333,12,4,0,2,1873.013187,0.567,1.833,1.1,0.733,30,7,1,33,-345.7760559999999,0.4492,-0.234,-0.4,-1,-3
2018,Round of 16,Croatia,Denmark,1,1,D,11,1714.865572,0.526,1.474,0.947,0.526,19,5,0,21,1619.474248,0.4,1.267,1.267,0.0,15,4,0,-10,95.39132399999994,0.5143,0.126,0.526,0,1
2018,Round of 16,Brazil,Mexico,2,0,H,6,1765.856297,0.683,1.902,0.927,0.976,41,7,5,14,1687.481759,0.37,1.222,1.185,0.037,27,7,0,-8,78.37453800000003,0.5113,0.313,0.939,5,0
2018,Round of 16,Belgium,Japan,3,2,H,9,1742.235945,0.526,1.474,1.0,0.474,19,5,0,18,1661.576187,0.25,0.9,1.3,-0.4,20,6,0,-9,80.65975800000001,0.5118,0.276,0.874,0,-1
2018,Round of 16,Sweden,Switzerland,1,0,H,38,1509.785392,0.389,1.556,1.056,0.5,18,4,0,19,1650.064179,0.389,1.222,1.056,0.167,18,5,0,19,-140.27878699999997,0.4778,0.0,0.333,0,-1
2018,Round of 16,Colombia,England,1,1,D,13,1698.351858,0.571,1.571,1.0,0.571,14,4,0,4,1827.048678,0.417,1.333,0.875,0.458,24,6,1,9,-128.69682000000012,0.4817,0.154,0.113,-1,-2
2018,Quarter-finals,Uruguay,France,0,2,A,16,1673.068603,0.5,1.444,1.111,0.333,18,4,2,3,1869.428449,0.552,1.448,0.655,0.793,29,6,1,13,-196.3598460000001,0.4723,-0.052,-0.46,1,-2
2018,Quarter-finals,Brazil,Belgium,1,2,A,6,1765.856297,0.69,1.905,0.905,1.0,42,7,5,9,1742.235945,0.55,1.55,1.05,0.5,20,5,0,-3,23.62035200000014,0.5034,0.14,0.5,5,2
2018,Quarter-finals,Sweden,England,0,2,A,38,1509.785392,0.421,1.526,1.0,0.526,19,4,0,4,1827.048678,0.4,1.32,0.88,0.44,25,6,1,34,-317.2632860000001,0.4525,0.021,0.086,-1,-2
2018,Quarter-finals,Russia,Croatia,2,2,D,35,1527.237131,0.308,1.692,1.385,0.308,13,4,0,11,1714.865572,0.5,1.45,0.95,0.5,20,5,0,24,-187.62844099999984,0.4711,-0.192,-0.192,0,-1
2018,Semi-finals,France,Belgium,1,0,H,3,1869.428449,0.567,1.467,0.633,0.833,30,6,1,9,1742.235945,0.571,1.571,1.048,0.524,21,5,0,-6,127.1925040000001,0.5176,-0.004,0.309,1,1
2018,Semi-finals,Croatia,England,2,1,H,11,1714.865572,0.476,1.476,1.0,0.476,21,5,0,4,1827.048678,0.423,1.346,0.846,0.5,26,6,1,7,-112.18310600000018,0.4842,0.053,-0.024,-1,-1
2018,Third place,Belgium,England,2,0,H,9,1742.235945,0.545,1.5,1.045,0.455,22,5,0,4,1827.048678,0.407,1.333,0.889,0.444,27,6,1,5,-84.81273300000021,0.4881,0.138,0.011,-1,-1
2018,Final,France,Croatia,4,2,H,3,1869.428449,0.581,1.452,0.613,0.839,31,6,1,11,1714.865572,0.5,1.5,1.0,0.5,22,5,0,-8,154.56287700000007,0.5216,0.081,0.339,1,1
2022,Group stage,Qatar,Ecuador,0,2,A,50,1440.0,0.0,0.0,0.0,0.0,0,0,0,21,1563.4,0.4,1.0,1.1,-0.1,10,3,0,29,-123.4,0.4795,-0.4,0.1,0,-3
2022,Group stage,Senegal,Netherlands,0,2,A,18,1602.6,0.375,1.375,1.25,0.125,8,2,0,8,1698.9,0.633,1.7,0.833,0.867,30,5,0,10,-96.3,0.4854,-0.258,-0.742,0,-3
2022,Group stage,England,IR Iran,6,2,H,5,1737.6,0.393,1.286,0.929,0.357,28,6,1,20,1564.5,0.167,0.583,1.333,-0.75,12,4,0,-15,173.1,0.5262,0.226,1.107,1,2
2022,Group stage,USA,Wales,1,1,D,14,1633.6,0.217,1.0,1.435,-0.435,23,6,0,19,1597.9,0.0,0.0,0.0,0.0,0,0,0,-5,35.7,0.5055,0.217,-0.435,0,6
2022,Group stage,Argentina,Saudi Arabia,1,2,A,3,1773.9,0.576,1.667,1.03,0.636,33,7,2,51,1435.4,0.188,0.688,2.438,-1.75,16,5,0,-48,338.5,0.5527,0.388,2.386,2,2
2022,Group stage,Denmark,Tunisia,0,0,D,10,1665.9,0.375,1.25,1.25,0.0,16,4,0,30,1527.0,0.083,0.833,1.917,-1.083,12,4,0,-20,138.9,0.5218,0.292,1.083,0,0
2022,Group stage,Mexico,Poland,0,0,D,13,1638.5,0.357,1.179,1.214,-0.036,28,7,0,26,1539.9,0.333,0.778,1.778,-1.0,9,3,0,-13,98.6,0.5155,0.024,0.964,0,4
2022,Group stage,France,Australia,4,1,H,4,1764.9,0.594,1.531,0.656,0.875,32,6,2,38,1492.0,0.154,1.0,2.0,-1.0,13,4,0,-34,272.9,0.5419,0.44,1.875,2,2
2022,Group stage,Morocco,Croatia,0,0,D,22,1561.1,0.111,1.0,1.556,-0.556,9,3,0,12,1633.0,0.478,1.522,1.13,0.391,23,5,0,10,-71.9,0.4887,-0.367,-0.947,0,-2
2022,Group stage,Germany,Japan,1,2,A,11,1651.0,0.683,1.976,0.854,1.122,41,7,1,24,1546.9,0.238,0.952,1.381,-0.429,21,6,0,-13,104.1,0.5163,0.445,1.551,1,1
2022,Group stage,Spain,Costa Rica,7,0,H,7,1716.9,0.548,1.806,1.097,0.71,31,7,1,31,1523.1,0.214,1.071,1.571,-0.5,14,4,0,-24,193.8,0.5299,0.334,1.21,1,3
2022,Group stage,Belgium,Canada,1,0,H,2,1816.7,0.565,1.522,1.0,0.522,23,5,0,41,1472.9,0.0,0.0,0.0,0.0,0,0,0,-39,343.8,0.5523,0.565,0.522,0,5
2022,Group stage,Switzerland,Cameroon,1,0,H,13,1639.6,0.368,1.158,1.053,0.105,19,5,0,43,1462.0,0.067,0.667,2.2,-1.533,15,5,0,-30,177.6,0.5286,0.301,1.638,0,0
2022,Group stage,Uruguay,Korea Republic,0,0,D,15,1626.1,0.474,1.368,1.158,0.211,19,4,2,29,1527.3,0.231,1.115,1.577,-0.462,26,7,0,-14,98.8,0.5157,0.243,0.673,2,-3
2022,Group stage,Portugal,Ghana,3,2,H,9,1678.5,0.381,1.429,1.095,0.333,21,5,0,61,1393.4,0.333,1.083,1.333,-0.25,12,3,0,-52,285.1,0.5464,0.048,0.583,0,2
2022,Group stage,Brazil,Serbia,2,0,H,1,1841.3,0.674,1.884,0.93,0.953,43,7,5,25,1540.0,0.222,0.667,1.889,-1.222,9,3,0,-24,301.3,0.5446,0.452,2.175,5,4
2022,Group stage,Wales,IR Iran,0,2,A,19,1597.9,0.0,0.0,0.0,0.0,0,0,0,20,1564.5,0.167,0.583,1.333,-0.75,12,4,0,-1,33.4,0.5053,-0.167,0.75,0,-4
2022,Group stage,Qatar,Senegal,1,3,A,50,1440.0,0.0,0.0,0.0,0.0,0,0,0,18,1602.6,0.375,1.375,1.25,0.125,8,2,0,32,-162.6,0.4733,-0.375,-0.125,0,-2
2022,Group stage,Netherlands,Ecuador,1,1,D,8,1698.9,0.633,1.7,0.833,0.867,30,5,0,21,1563.4,0.4,1.0,1.1,-0.1,10,3,0,-13,135.5,0.5208,0.233,0.967,0,2
2022,Group stage,England,USA,0,0,D,5,1737.6,0.393,1.286,0.929,0.357,28,6,1,14,1633.6,0.217,1.0,1.435,-0.435,23,6,0,-9,104.0,0.5154,0.176,0.792,1,0
2022,Group stage,Tunisia,Australia,0,1,A,30,1527.0,0.083,0.833,1.917,-1.083,12,4,0,38,1492.0,0.154,1.0,2.0,-1.0,13,4,0,-8,35.0,0.5058,-0.071,-0.083,0,0
2022,Group stage,Poland,Saudi Arabia,2,0,H,26,1539.9,0.333,0.778,1.778,-1.0,9,3,0,51,1435.4,0.188,0.688,2.438,-1.75,16,5,0,-25,104.5,0.5176,0.145,0.75,0,-2
2022,Group stage,France,Denmark,2,1,H,4,1764.9,0.594,1.531,0.656,0.875,32,6,2,10,1665.9,0.375,1.25,1.25,0.0,16,4,0,-6,99.0,0.5144,0.219,0.875,2,2
2022,Group stage,Argentina,Mexico,2,0,H,3,1773.9,0.576,1.667,1.03,0.636,33,7,2,13,1638.5,0.357,1.179,1.214,-0.036,28,7,0,-10,135.4,0.5198,0.219,0.672,2,0
2022,Group stage,Japan,Costa Rica,0,1,A,24,1546.9,0.238,0.952,1.381,-0.429,21,6,0,31,1523.1,0.214,1.071,1.571,-0.5,14,4,0,-7,23.8,0.5039,0.024,0.071,0,2
2022,Group stage,Belgium,Morocco,0,2,A,2,1816.7,0.565,1.522,1.0,0.522,23,5,0,22,1561.1,0.111,1.0,1.556,-0.556,9,3,0,-20,255.6,0.5378,0.454,1.078,0,2
2022,Group stage,Croatia,Canada,4,1,H,12,1633.0,0.478,1.522,1.13,0.391,23,5,0,41,1472.9,0.0,0.0,0.0,0.0,0,0,0,-29,160.1,0.5258,0.478,0.391,0,5
2022,Group stage,Spain,Germany,1,1,D,7,1716.9,0.548,1.806,1.097,0.71,31,7,1,11,1651.0,0.683,1.976,0.854,1.122,41,7,1,-4,65.9,0.5098,-0.135,-0.412,0,0
2022,Group stage,Cameroon,Serbia,3,3,D,43,1462.0,0.067,0.667,2.2,-1.533,15,5,0,25,1540.0,0.222,0.667,1.889,-1.222,9,3,0,18,-78.0,0.487,-0.155,-0.311,0,2
2022,Group stage,Korea Republic,Ghana,2,3,A,29,1527.3,0.231,1.115,1.577,-0.462,26,7,0,61,1393.4,0.333,1.083,1.333,-0.25,12,3,0,-32,133.9,0.5229,-0.102,-0.212,0,4
2022,Group stage,Brazil,Switzerland,1,0,H,1,1841.3,0.674,1.884,0.93,0.953,43,7,5,13,1639.6,0.368,1.158,1.053,0.105,19,5,0,-12,201.7,0.529,0.306,0.848,5,2
2022,Group stage,Portugal,Uruguay,2,0,H,9,1678.5,0.381,1.429,1.095,0.333,21,5,0,15,1626.1,0.474,1.368,1.158,0.211,19,4,2,-6,52.4,0.5079,-0.093,0.122,-2,1
2022,Group stage,Ecuador,Senegal,1,2,A,21,1563.4,0.4,1.0,1.1,-0.1,10,3,0,18,1602.6,0.375,1.375,1.25,0.125,8,2,0,3,-39.2,0.4938,0.025,-0.225,0,1
2022,Group stage,Netherlands,Qatar,2,0,H,8,1698.9,0.633,1.7,0.833,0.867,30,5,0,50,1440.0,0.0,0.0,0.0,0.0,0,0,0,-42,258.9,0.5412,0.633,0.867,0,5
2022,Group stage,IR Iran,USA,0,1,A,20,1564.5,0.167,0.583,1.333,-0.75,12,4,0,14,1633.6,0.217,1.0,1.435,-0.435,23,6,0,6,-69.1,0.4892,-0.05,-0.315,0,-2
2022,Group stage,Wales,England,0,3,A,19,1597.9,0.0,0.0,0.0,0.0,0,0,0,5,1737.6,0.393,1.286,0.929,0.357,28,6,1,14,-139.7,0.4791,-0.393,-0.357,-1,-6
2022,Group stage,Tunisia,France,1,0,H,30,1527.0,0.083,0.833,1.917,-1.083,12,4,0,4,1764.9,0.594,1.531,0.656,0.875,32,6,2,26,-237.9,0.4639,-0.511,-1.958,-2,-2
2022,Group stage,Australia,Denmark,1,0,H,38,1492.0,0.154,1.0,2.0,-1.0,13,4,0,10,1665.9,0.375,1.25,1.25,0.0,16,4,0,28,-173.9,0.4725,-0.221,-1.0,0,0
2022,Group stage,Poland,Argentina,0,2,A,26,1539.9,0.333,0.778,1.778,-1.0,9,3,0,3,1773.9,0.576,1.667,1.03,0.636,33,7,2,23,-234.0,0.4647,-0.243,-1.636,-2,-4
2022,Group stage,Saudi Arabia,Mexico,1,2,A,51,1435.4,0.188,0.688,2.438,-1.75,16,5,0,13,1638.5,0.357,1.179,1.214,-0.036,28,7,0,38,-203.1,0.467,-0.169,-1.714,0,-2
2022,Group stage,Croatia,Belgium,0,0,D,12,1633.0,0.478,1.522,1.13,0.391,23,5,0,2,1816.7,0.565,1.522,1.0,0.522,23,5,0,10,-183.7,0.4734,-0.087,-0.131,0,0
2022,Group stage,Canada,Morocco,1,2,A,41,1472.9,0.0,0.0,0.0,0.0,0,0,0,22,1561.1,0.111,1.0,1.556,-0.556,9,3,0,19,-88.2,0.4855,-0.111,0.556,0,-3
2022,Group stage,Japan,Spain,2,1,H,24,1546.9,0.238,0.952,1.381,-0.429,21,6,0,7,1716.9,0.548,1.806,1.097,0.71,31,7,1,17,-170.0,0.474,-0.31,-1.139,-1,-1
2022,Group stage,Costa Rica,Germany,2,4,A,31,1523.1,0.214,1.071,1.571,-0.5,14,4,0,11,1651.0,0.683,1.976,0.854,1.122,41,7,1,20,-127.9,0.4799,-0.469,-1.622,-1,-3
2022,Group stage,Korea Republic,Portugal,2,1,H,29,1527.3,0.231,1.115,1.577,-0.462,26,7,0,9,1678.5,0.381,1.429,1.095,0.333,21,5,0,20,-151.2,0.4764,-0.15,-0.795,0,2
2022,Group stage,Ghana,Uruguay,0,2,A,61,1393.4,0.333,1.083,1.333,-0.25,12,3,0,15,1626.1,0.474,1.368,1.158,0.211,19,4,2,46,-232.7,0.4615,-0.141,-0.461,-2,-1
2022,Group stage,Cameroon,Brazil,1,0,H,43,1462.0,0.067,0.667,2.2,-1.533,15,5,0,1,1841.3,0.674,1.884,0.93,0.953,43,7,5,42,-379.3,0.4426,-0.607,-2.486,-5,-2
2022,Group stage,Serbia,Switzerland,2,3,A,25,1540.0,0.222,0.667,1.889,-1.222,9,3,0,13,1639.6,0.368,1.158,1.053,0.105,19,5,0,12,-99.6,0.4843,-0.146,-1.327,0,-2
2022,Round of 16,Netherlands,USA,3,1,H,8,1698.9,0.633,1.7,0.833,0.867,30,5,0,14,1633.6,0.217,1.0,1.435,-0.435,23,6,0,-6,65.3,0.5098,0.416,1.302,0,-1
2022,Round of 16,Argentina,Australia,2,1,H,3,1773.9,0.576,1.667,1.03,0.636,33,7,2,38,1492.0,0.154,1.0,2.0,-1.0,13,4,0,-35,281.9,0.5432,0.422,1.636,2,3
2022,Round of 16,France,Poland,3,1,H,4,1764.9,0.594,1.531,0.656,0.875,32,6,2,26,1539.9,0.333,0.778,1.778,-1.0,9,3,0,-22,225.0,0.534,0.261,1.875,2,3
2022,Round of 16,England,Senegal,3,0,H,5,1737.6,0.393,1.286,0.929,0.357,28,6,1,18,1602.6,0.375,1.375,1.25,0.125,8,2,0,-13,135.0,0.5202,0.018,0.232,1,4
2022,Round of 16,Japan,Croatia,1,1,D,24,1546.9,0.238,0.952,1.381,-0.429,21,6,0,12,1633.0,0.478,1.522,1.13,0.391,23,5,0,12,-86.1,0.4865,-0.24,-0.82,0,1
2022,Round of 16,Brazil,Korea Republic,4,1,H,1,1841.3,0.674,1.884,0.93,0.953,43,7,5,29,1527.3,0.231,1.115,1.577,-0.462,26,7,0,-28,314.0,0.5466,0.443,1.415,5,0
2022,Round of 16,Morocco,Spain,0,0,D,22,1561.1,0.111,1.0,1.556,-0.556,9,3,0,7,1716.9,0.548,1.806,1.097,0.71,31,7,1,15,-155.8,0.4762,-0.437,-1.266,-1,-4
2022,Round of 16,Portugal,Switzerland,6,1,H,9,1678.5,0.381,1.429,1.095,0.333,21,5,0,13,1639.6,0.368,1.158,1.053,0.105,19,5,0,-4,38.9,0.5059,0.013,0.228,0,0
2022,Quarter-finals,Croatia,Brazil,1,1,D,12,1633.0,0.478,1.522,1.13,0.391,23,5,0,1,1841.3,0.674,1.884,0.93,0.953,43,7,5,11,-208.3,0.47,-0.196,-0.562,-5,-2
2022,Quarter-finals,Netherlands,Argentina,2,2,D,8,1698.9,0.633,1.7,0.833,0.867,30,5,0,3,1773.9,0.576,1.667,1.03,0.636,33,7,2,5,-75.0,0.4892,0.057,0.231,-2,-2
2022,Quarter-finals,Morocco,Portugal,1,0,H,22,1561.1,0.111,1.0,1.556,-0.556,9,3,0,9,1678.5,0.381,1.429,1.095,0.333,21,5,0,13,-117.4,0.4819,-0.27,-0.889,0,-2
2022,Quarter-finals,England,France,1,2,A,5,1737.6,0.393,1.286,0.929,0.357,28,6,1,4,1764.9,0.594,1.531,0.656,0.875,32,6,2,1,-27.3,0.4961,-0.201,-0.518,-1,0
2022,Semi-finals,Argentina,Croatia,3,0,H,3,1773.9,0.576,1.667,1.03,0.636,33,7,2,12,1633.0,0.478,1.522,1.13,0.391,23,5,0,-9,140.9,0.5207,0.098,0.245,2,2
2022,Semi-finals,France,Morocco,2,0,H,4,1764.9,0.594,1.531,0.656,0.875,32,6,2,22,1561.1,0.111,1.0,1.556,-0.556,9,3,0,-18,203.8,0.5306,0.483,1.431,2,3
2022,Third place,Croatia,Morocco,2,1,H,12,1633.0,0.478,1.522,1.13,0.391,23,5,0,22,1561.1,0.111,1.0,1.556,-0.556,9,3,0,-10,71.9,0.5113,0.367,0.947,0,2
2022,Final,Argentina,France,3,3,D,3,1773.9,0.576,1.667,1.03,0.636,33,7,2,4,1764.9,0.594,1.531,0.656,0.875,32,6,2,-1,9.0,0.5013,-0.018,-0.239,0,1
